Species,Longitude,Latitude
white_323,-100.207967,25.630841
white_323,-100.206551,25.632514
white_323,-100.2707872222,25.5489213889
white_323,-101.202756,27.937672
white_323,-100.888272,27.67278
white_323,-97.417175,25.850907
white_323,-97.417251,25.851531
white_323,-97.417592,25.852122
white_323,-98.379457,26.18504
white_323,-99.143496,26.583066
white_323,-99.149374,26.584321
white_323,-100.3433266667,25.6747766667
white_323,-100.128974,25.751847
white_323,-98.338962,28.472596
white_323,-100.137523,25.714778
white_323,-100.1504821,25.4252749
white_323,-100.1504821,25.4252749
white_323,-97.1681257,26.1118401
white_323,-98.135017,26.291454
white_323,-100.2110214233,25.6289367676
white_323,-98.9495444298,24.5618976819
white_323,-98.968963623,24.5290088663
white_323,-98.9674240351,24.5287404503
white_323,-98.9586210251,24.5297506675
white_323,-98.9588570595,24.5298873147
white_323,-97.7153212,30.1924288
white_323,-100.2212219238,25.6260852814
white_323,-100.248029,25.671149
white_323,-100.2908632,25.9662105
white_323,-99.4272794208,27.0934450166
white_323,-95.5877926344,29.9805174981
white_323,-97.9550264452,26.1245736748
white_323,-97.9544063903,26.1268197711
white_323,-98.2665493242,26.2047656552
white_323,-98.2664718482,26.2048045763
white_323,-97.4198913594,25.8485644259
white_323,-97.663663474,26.1864349522
white_323,-99.9191027958,24.3016772228
white_323,-97.6627862363,26.1848816826
white_323,-97.77799716,30.28338232
white_323,-97.7780776,30.28339019
white_323,-106.6133333333,32.2988888889
white_323,-106.6125,32.295
white_323,-98.377561681,26.1776133523
white_323,-98.3316340125,26.3376887022
white_323,-106.6080555556,32.3008333333
white_323,-106.6141666667,32.3022222222
white_323,-106.6141666667,32.3022222222
white_323,-95.2953600955,30.0294807203
white_323,-100.360263,25.6187633
white_323,-104.0333333333,29.3260111111
white_323,-97.3236904946,27.7125552949
white_323,-97.0475094,28.0532065
white_323,-96.8365860796,32.7639495567
white_323,-100.4403161417,25.7557209198
white_323,-100.4629324811,25.7680891056
white_323,-95.301125,30.0320028333
white_323,-100.207725,25.6308716667
white_323,-97.6850888889,30.3986027778
white_323,-97.957826,26.126124
white_323,-97.3802295327,28.646446405
white_323,-100.4600219727,25.6261062622
white_323,-100.4619827271,25.6250038147
white_323,-100.4622955322,25.6247768402
white_323,-100.4624557495,25.6248512268
white_323,-100.4603347778,25.6258602142
white_323,-100.2036239952,25.640040162
white_323,-100.2032699585,25.6401977539
white_323,-100.2019042969,25.6413612366
white_323,-100.2025299072,25.6410808563
white_323,-100.2026138306,25.6407356262
white_323,-99.9915161133,25.9326305389
white_323,-99.9908828735,25.9326000214
white_323,-99.9907455444,25.9325256348
white_323,-100.5154465466,25.6923964784
white_323,-100.4629181652,25.6498491338
white_323,-100.4423188,25.6746058
white_323,-96.8525926146,32.5742573902
white_323,-98.2333469153,26.2417212216
white_323,-96.7847925842,32.9267262089
white_323,-96.7875984056,32.9312039798
white_323,-97.4214575847,25.8524981328
white_323,-97.4173414763,25.8521905278
white_323,-97.4142712092,25.8511611907
white_323,-97.1027305,32.6497116667
white_323,-95.555014,28.958308
white_323,-97.7543872638,30.3441636025
white_323,-95.3849416667,29.7075
white_323,-95.4472049979,29.6588099515
white_323,-95.4472325743,29.6582337795
white_323,-98.2310092755,26.1762762404
white_323,-100.3773283333,25.66803
white_323,-98.1935709172,26.1897752775
white_323,-97.4536333333,30.1484116667
white_323,-95.2865022568,30.0236490694
white_323,-97.1727212288,26.1384049676
white_323,-100.1476687117,25.4057974957
white_323,-97.2714500697,32.7454381657
white_323,-98.737555,26.3459883333
white_323,-98.2199165225,26.2047742758
white_323,-100.2689917758,25.6810717675
white_323,-100.200592041,25.6356086731
white_323,-100.203666687,25.635383606
white_323,-100.2059860229,25.6332817078
white_323,-100.2066802979,25.6324386597
white_323,-100.2041625977,25.6350860596
white_323,-100.2041702271,25.6350040436
white_323,-100.2708358765,25.5490512848
white_323,-97.1872416667,26.2466
white_323,-97.3477783333,26.2286866667
white_323,-97.3478616667,26.2286216667
white_323,-97.34803,26.2289416667
white_323,-97.347655,26.22882
white_323,-97.660675,26.1870466667
white_323,-97.6604383333,26.186975
white_323,-97.9543216667,26.1268055
white_323,-97.9897216667,26.1480361667
white_323,-98.2687216667,26.2044716667
white_323,-98.2662583333,26.2061583333
white_323,-98.330895,26.1804583333
white_323,-98.3309633333,26.1829
white_323,-98.0562183727,26.4578759205
white_323,-101.5022503586,27.880613585
white_323,-101.5022967105,27.8805516847
white_323,-98.45598887,29.45989846
white_323,-100.2703387302,25.551001395
white_323,-100.2707020422,25.5493324643
white_323,-100.2710261949,25.5501387935
white_323,-100.2704907613,25.5505650732
white_323,-100.2704722881,25.5496758863
white_323,-100.2709068834,25.5494577588
white_323,-100.2705596004,25.5496851734
white_323,-100.2705623875,25.5505499639
white_323,-100.2704049795,25.5499952109
white_323,-100.2705088116,25.5497062521
white_323,-100.2709699493,25.5493786145
white_323,-100.2688229136,25.5516926846
white_323,-100.2706333057,25.5507500137
white_323,-98.2297016238,26.1774529089
white_323,-98.2298303698,26.1775106793
white_323,-97.6607347001,26.1869033659
white_323,-97.66231603,26.1872689845
white_323,-97.662255,26.18692
white_323,-97.6674923581,26.2019756204
white_323,-95.1372445,29.73979667
white_323,-97.93450833,29.89948667
white_323,-98.4783325195,29.8655548096
white_323,-99.4290466309,27.5726451874
white_323,-95.4505466667,29.766945
white_323,-103.7425918263,25.2644261424
white_323,-100.2823461665,25.7688308505
white_323,-98.4863967896,29.8748664856
white_323,-97.9663833333,29.9006516667
white_323,-97.7246461099,30.312964249
white_323,-98.0914764404,29.6882019043
white_323,-99.4303569774,27.5763592462
white_323,-97.6622712,26.1865632
white_323,-97.6622712,26.1865632
white_323,-99.4393153,27.573686
white_323,-98.4829166667,29.885025
white_323,-98.3802341657,26.1854893353
white_323,-98.5044846647,29.8516830017
white_323,-100.2708505589,25.5495238185
white_323,-103.1450767378,28.9791933214
white_323,-98.46595,29.63853833
white_323,-103.3428194444,29.2771944444
white_323,-98.26614496,26.20646329
white_323,-98.26617776,26.20628084
white_323,-98.2535970383,28.4675003947
white_323,-98.2298196412,26.176125847
white_323,-98.2298840142,26.1759910477
white_323,-98.2300028237,26.1753074207
white_323,-98.2297859399,26.1749615273
white_323,-98.2298142767,26.176125847
white_323,-98.19712174,29.85797551
white_323,-97.0365704547,28.0458850906
white_323,-96.5404225709,28.9551773114
white_323,-98.2302085616,26.1770945513
white_323,-98.2301254132,26.1774315459
white_323,-98.2299108364,26.1776072641
white_323,-98.229836899,26.1776625861
white_323,-98.2298142769,26.1775831932
white_323,-98.2297874548,26.1776457777
white_323,-95.45244042,29.76356579
white_323,-98.4367264022,29.474997508
white_323,-95.3699769398,29.7821959477
white_323,-95.4494618528,29.7636863694
white_323,-95.4503634798,29.766859152
white_323,-95.3955311293,30.0381405423
white_323,-103.01126945,29.25643667
white_323,-97.8239,30.3040944444
white_323,-97.8235333333,30.3104722222
white_323,-97.8241861111,30.3106388889
white_323,-97.7179472222,30.4130583333
white_323,-99.43212857,27.57614176
white_323,-95.4511097074,29.7617710708
white_323,-95.45404,29.7611922222
white_323,-99.4291024833,27.5710781868
white_323,-97.7589233486,30.4174235836
white_323,-98.3657057267,26.1778418817
white_323,-97.73535333,30.268975
white_323,-97.3255478931,27.6668261751
white_323,-97.7772422197,30.3774160854
white_323,-97.1754305556,30.0562944444
white_323,-97.66300564,26.18506626
white_323,-97.78863667,30.40509667
white_323,-98.5743861586,29.6214351121
white_323,-98.379417,26.185973
white_323,-97.3473029,26.2289701
white_323,-99.1497784853,26.5844753013
white_323,-100.1072540281,26.1647815703
white_323,-97.78814615,26.34611042
white_323,-97.6620567406,26.1870723297
white_323,-98.6007784,29.5110801
white_323,-98.6007866,29.5110765
white_323,-97.8081794377,30.1587604935
white_323,-97.96643095,29.86862668
white_323,-95.5902967077,29.9773763661
white_323,-95.4521909,29.6991146
white_323,-95.4562159294,29.7667584906
white_323,-95.4500609858,29.7624076541
white_323,-97.2025416667,27.6168694444
white_323,-97.2031166667,27.6169222222
white_323,-98.3493777778,28.4840333333
white_323,-95.1373257861,29.574573594
white_323,-97.562295,25.98858
white_323,-97.5683833333,25.9977533333
white_323,-97.56670823,25.9965160983
white_323,-97.2743639165,32.8660631832
white_323,-100.2660014192,25.6472861511
white_323,-97.42032,25.851505
white_323,-98.3664926,26.179835
white_323,-97.1454555,33.0238583333
white_323,-100.272019359,25.5672884982
white_323,-95.4528612,29.7662503
white_323,-100.1256947592,25.7634114458
white_323,-98.1332546291,26.2901134418
white_323,-98.1347180787,26.2903198499
white_323,-99.8125822284,30.4499807674
white_323,-98.1377119324,26.078789398
white_323,-98.1427296656,26.0793625498
white_323,-98.2910536632,26.2924368948
white_323,-99.8000155074,30.4534122741
white_323,-98.3657571049,26.1788315876
white_323,-98.3654237247,26.1761722157
white_323,-96.6375916667,32.9711055556
white_323,-95.7911542,29.7877889
white_323,-97.4790640711,26.0169845804
white_323,-97.4788932103,26.0171862334
white_323,-98.1348747388,26.2916685773
white_323,-98.1348747388,26.2916685773
white_323,-98.229829967,26.1748442552
white_323,-97.955734,26.126545
white_323,-97.1803425278,26.2134766667
white_323,-98.4773809722,29.372015
white_323,-99.14959675,26.5845555833
white_323,-97.9556283333,26.1263971667
white_323,-100.7275929722,25.691005
white_323,-97.5142533333,25.92003
white_323,-98.2619322756,26.0964142923
white_323,-97.0389222222,32.7674861111
white_323,-95.4503219913,29.7666375265
white_323,-95.6499550256,29.7554844561
white_323,-97.1455528333,33.0237778333
white_323,-98.3008778282,26.1700097658
white_323,-97.16039275,31.6622028333
white_323,-100.0092239378,25.2890224456
white_323,-100.480537,25.365204
white_323,-100.0968780517,25.21969223
white_323,-100.0865478514,25.2216243742
white_323,-96.6598260402,33.0279031308
white_323,-96.7724386039,31.0188114627
white_323,-99.142535,26.583447
white_323,-95.3261987778,30.2921499722
white_323,-98.3542499,28.4657133
white_323,-98.1370567569,26.0776052394
white_323,-97.824525,28.3601083333
white_323,-97.97825327,26.27039644
white_323,-99.0584018826,26.1926462078
white_323,-95.3417716667,29.7485033333
white_323,-99.435073142,27.5354581974
white_323,-102.9337107529,29.217733703
white_323,-97.700671,30.2614416
white_323,-97.662955,26.18455
white_323,-97.9625215,31.4915237
white_323,-105.4973225038,28.2612604338
white_323,-102.9293197134,29.205780218
white_323,-98.1378585748,29.3405460383
white_323,-98.3252932,26.2159066
white_323,-100.2560828789,25.6623900083
white_323,-98.1379001926,29.3405524126
white_323,-97.9566481606,26.1264854505
white_323,-98.3661424736,26.1791762062
white_323,-98.4875476733,29.4186689617
white_323,-96.4476480556,30.2969830556
white_323,-99.3581692502,27.9818468228
white_323,-99.3519830704,27.9809790055
white_323,-99.1492723581,26.5843250603
white_323,-95.6647030701,31.7693554117
white_323,-102.1226278333,26.92252
white_323,-99.4290041687,27.5708956649
white_323,-97.8824616667,28.0582361667
white_323,-98.2297673,26.1767406
white_323,-98.2297673,26.1767406
white_323,-98.2297673,26.1767406
white_323,-98.2297673,26.1767406
white_323,-98.2297673,26.1767406
white_323,-97.1856253174,32.7405213807
white_323,-102.97442,29.2004866667
white_323,-95.35924167,29.76532222
white_323,-97.7991033333,29.6143216667
white_323,-97.79892,29.614375
white_323,-98.340145,28.4721283333
white_323,-100.3271331786,25.7571544644
white_323,-99.1144780633,26.5156190629
white_323,-97.664245,26.1860283333
white_323,-97.489369819,25.8931188937
white_323,-97.7311633333,26.1745083333
white_323,-97.73117,26.1743966667
white_323,-97.9528620136,26.1264552833
white_323,-97.9578866667,26.1266278421
white_323,-98.2666778564,26.204957962
white_323,-97.7308966667,26.17463
white_323,-98.3348849722,25.942446
white_323,-98.3351949722,25.942917
white_323,-97.80728149,29.15052795
white_323,-97.9550866893,26.1231157317
white_323,-97.623895,26.1738300021
white_323,-97.8220533333,26.3214633333
white_323,-97.8220114857,26.3204391852
white_323,-98.1348278333,26.2913616667
white_323,-98.366355,26.1763200021
white_323,-97.8217866667,26.3209033333
white_323,-98.3662033333,26.1763383421
white_323,-98.3274967633,29.6097076289
white_323,-98.3654429864,26.1785157466
white_323,-97.4552657025,32.6852782269
white_323,-97.8222283333,26.3210966667
white_323,-98.9963912219,26.397494151
white_323,-97.82747,26.32068
white_323,-98.3660133333,26.1797416721
white_323,-98.36608,26.1798200021
white_323,-97.8252716667,26.3196833333
white_323,-98.2293466667,26.1769416721
white_323,-98.2295891053,26.1765492323
white_323,-99.1154471667,26.5141283421
white_323,-99.1155611667,26.5147700021
white_323,-99.1156083333,26.5148666721
white_323,-97.8257109225,26.3201615067
white_323,-99.1170583937,26.5165086643
white_323,-98.2878114332,29.5559219774
white_323,-97.5703575902,28.1706256845
white_323,-97.5703164753,28.1710059563
white_323,-97.8765879898,28.0584034441
white_323,-98.0456846655,30.3010626174
white_323,-98.13495,26.0824445
white_323,-99.7360169328,29.5857157787
white_323,-98.2418966667,29.484045
white_323,-99.5229633333,27.5088583333
white_323,-97.441968,27.881547
white_323,-97.7311333333,26.1744133333
white_323,-97.7308883333,26.1746133333
white_323,-103.3250416667,29.2773283333
white_323,-105.4464316161,28.2704790591
white_323,-97.955076,26.12312
white_323,-98.620215509,28.8700429305
white_323,-98.6119182735,28.8690306563
white_323,-97.9599833333,29.569725
white_323,-97.5628054187,25.9883901597
white_323,-97.5623996102,25.9884878708
white_323,-97.4893961965,25.8931528462
white_323,-97.4894630783,25.8931743518
white_323,-98.14760799,28.78821011
white_323,-97.6643133333,26.185745
white_323,-99.5294883915,27.5870343532
white_323,-97.7010333333,30.2388216667
white_323,-103.2728027294,29.5774331328
white_323,-97.6640866667,26.1858366667
white_323,-97.66427,26.1857916667
white_323,-98.4509416667,29.31997
white_323,-100.1879577636,25.6224384306
white_323,-98.3200284277,29.5096317543
white_323,-99.4286957584,27.5717457349
white_323,-103.2727966667,29.5774166667
white_323,-98.3766346426,26.186034875
white_323,-99.4288957587,27.5707868602
white_323,-100.0720528333,29.6502583333
white_323,-98.4756616667,29.52093
white_323,-99.5000082874,27.5349411402
white_323,-99.5075519,27.5035613
white_323,-97.660995,26.1870416667
white_323,-97.7808339615,30.2143099811
white_323,-97.7185896971,30.314354701
white_323,-97.7310944771,30.4267898238
white_323,-98.3348349722,25.9444519722
white_323,-98.334608,25.943957
white_323,-98.1347111667,26.07745
white_323,-98.6162615195,28.9302754075
white_323,-98.7678842931,26.3550764129
white_323,-98.7678842931,26.3550764129
white_323,-98.1928029722,26.1898869722
white_323,-99.4713883333,27.4647833333
white_323,-95.397683,29.7617559722
white_323,-95.4008429722,29.7613909722
white_323,-97.13150786,32.32595724
white_323,-98.2297673,26.1767406
white_323,-98.2297673,26.1767406
white_323,-98.2297673,26.1767406
white_323,-98.2297673,26.1767406
white_323,-98.5644444444,29.5783333333
white_323,-98.5641666667,29.5802777778
white_323,-98.5652777778,29.5758333333
white_323,-100.3080182523,25.7292751867
white_323,-100.3087189794,25.7290099994
white_323,-98.457464,29.554756
white_323,-105.264898,40.0023759722
white_323,-96.708721,32.83556
white_323,-97.7878383333,30.2722483333
white_323,-97.7873698196,30.272246067
white_323,-97.7875683333,30.2722466667
white_323,-96.6646283333,33.2002716667
white_323,-103.139152352,29.2361878714
white_323,-103.1479275405,29.2201341114
white_323,-100.9684947878,25.4148986028
white_323,-97.8215254192,29.8786621094
white_323,-98.3935642151,29.6048385092
white_323,-97.8756357172,30.1873933012
white_323,-98.2492404432,29.8356607324
white_323,-98.3939508065,29.6054239539
white_323,-97.773183054,30.2709714653
white_323,-95.4512752226,29.7652940905
white_323,-99.5455112305,27.6159774723
white_323,-98.2297673,26.1767406
white_323,-103.3180166667,29.2754366667
white_323,-103.838555,30.5380916667
white_323,-95.3593714815,29.7676160651
white_323,-97.1867533333,26.24478
white_323,-95.4881335196,30.1093519656
white_323,-106.6860983893,24.4233450409
white_323,-98.35858,30.74763
white_323,-95.0214996338,29.5749492645
white_323,-97.9578483786,26.1266336786
white_323,-97.6625280083,26.1874071602
white_323,-98.3797133333,26.1859783333
white_323,-97.9559866667,26.1266778333
white_323,-96.891395,32.7655633333
white_323,-97.224354,31.910838
white_323,-97.7320166667,30.3412972222
white_323,-97.7318027778,30.3414638889
white_323,-98.1351258333,26.2910183333
white_323,-97.7259,30.34275
white_323,-97.7506472222,30.4183972222
white_323,-98.174277191,29.1150895471
white_323,-97.663605,26.18663
white_323,-100.2945480344,25.7281742094
white_323,-96.8053519722,28.301814
white_323,-96.8848111111,32.8407638889
white_323,-100.30709075,25.6715640833
white_323,-96.190484,31.5379054
white_323,-100.3066201508,25.6419023812
white_323,-98.6793911929,31.3135863062
white_323,-98.4729971924,29.4706933061
white_323,-100.0204849243,29.6136779785
white_323,-95.0576813889,35.6171347222
white_323,-97.6491525024,30.2317900695
white_323,-98.7127606158,29.7784392807
white_323,-97.645913527,30.234805651
white_323,-97.7105419092,30.4118282998
white_323,-97.4164566797,25.8508549213
white_323,-97.4190641929,25.8493651084
white_323,-97.4179,25.8518583333
white_323,-99.5916727832,29.8284921827
white_323,-97.2077333333,26.0766361667
white_323,-97.9785166667,29.883955
white_323,-97.70001609,31.12243659
white_323,-99.0704253996,28.9449564461
white_323,-97.9798133333,29.8270016667
white_323,-97.9778888889,29.8327972222
white_323,-97.3012083333,25.9616166667
white_323,-98.2297673,26.1767406
white_323,-98.2297673,26.1767406
white_323,-98.2297673,26.1767406
white_323,-98.2297673,26.1767406
white_323,-98.2297673,26.1767406
white_323,-98.2526033333,30.339045
white_323,-97.963468,29.874253
white_323,-97.908077,30.352588
white_323,-95.4729777778,29.0389944444
white_323,-98.2641609014,29.9445586698
white_323,-97.17472,26.1402445
white_323,-97.1751333333,26.1400111667
white_323,-99.487014606,27.4954234178
white_323,-97.7529666667,30.4512283333
white_323,-97.9156526179,24.3127027907
white_323,-97.7332418234,30.6637194283
white_323,-103.2802064419,29.2955165952
white_323,-103.2728783952,29.2943752704
white_323,-103.0088032863,29.5798769839
white_323,-103.0068995977,29.5813575259
white_323,-98.4920116667,30.408525
white_323,-99.1495138889,26.5861333333
white_323,-99.1493591667,26.5861463889
white_323,-99.1485444444,26.5851777778
white_323,-99.0131083333,26.4034222222
white_323,-99.1494361111,26.5845638889
white_323,-101.202575,29.5527333333
white_323,-106.7478324002,32.2913996337
white_323,-97.8255133333,26.31977
white_323,-95.7432809758,30.0734612585
white_323,-97.6622873896,26.1871660238
white_323,-99.5599717143,25.9807766123
white_323,-100.3426419,29.8622954
white_323,-97.9760875,29.5760206
white_323,-100.041625,25.23327
white_323,-98.3205939722,26.14469
white_323,-97.9591159997,26.145686
white_323,-98.8412411848,29.743380872
white_323,-98.3674468992,26.1789016722
white_323,-97.3370579271,27.7092244122
white_323,-98.1832563412,26.3112369972
white_323,-98.3662156016,26.1797397022
white_323,-98.2297780288,26.1754214935
white_323,-103.1101049128,29.5295185925
white_323,-103.1222714985,29.5356076394
white_323,-100.2937083319,25.6415819885
white_323,-98.2297673,26.1767406
white_323,-98.2297673,26.1767406
white_323,-98.1347309059,26.2918529152
white_323,-98.1357668787,26.2919911487
white_323,-98.2297673,26.1766924577
white_323,-98.1349676942,26.2913504709
white_323,-95.6972611111,30.4817555556
white_323,-98.3796153312,26.1856423086
white_323,-95.4496,29.7624722222
white_323,-98.48683,29.40313
white_323,-96.7315916667,32.8932361111
white_323,-100.34257666,29.86246988
white_323,-101.5990428732,29.8179799215
white_323,-95.510606,29.780766
white_323,-101.3532523836,29.7121314297
white_323,-98.3305194229,26.182755099
white_323,-97.9295119621,24.3340920977
white_323,-101.0896836014,29.5046482282
white_323,-101.0454827908,29.4944098124
white_323,-98.8882222222,29.5882055556
white_323,-97.9120883324,24.3207964924
white_323,-97.7393459722,30.286887
white_323,-97.7390241464,30.2865176853
white_323,-98.4159388889,29.4815361111
white_323,-98.416,29.4817305556
white_323,-98.14714866,27.10224852
white_323,-97.7793722222,30.3816027778
white_323,-97.7789833333,30.3788861111
white_323,-106.667505,31.776984
white_323,-106.6667505,31.776984
white_323,-80.92701,25.139721
white_323,-80.298514,26.35612
white_323,-80.298514,26.35612
white_323,-80.469070673,25.5226727388
white_323,-80.2130493802,26.4938298846
white_323,-80.6536560069,28.645522741
white_323,-80.5737,28.00275
white_323,-80.5743716667,28.00231945
white_323,-80.5743466667,28.0022861167
white_323,-80.578605,28.0092388833
white_323,-80.5791866667,28.0046833333
white_323,-80.5790416667,28.00474445
white_323,-78.699927765,35.7950588853
white_323,-80.9964358807,28.5708382195
white_323,-80.1052471667,26.37952
white_323,-80.8327782154,24.8088044095
white_323,-80.8309006691,24.8098367079
white_323,-80.5975570679,25.3974990845
white_323,-80.1655,26.9774
white_323,-79.4895,36.317867
white_323,-80.8828330701,28.6375915165
white_323,-80.95585,28.5052833333
white_323,-80.97947,28.507955
white_323,-80.2123401,26.4992858
white_323,-80.1564842747,27.0004271922
white_323,-80.5798137,28.0093401
white_323,-80.846001,25.992712
white_323,-80.5063341,25.4393272
white_323,-80.5063341,25.4393272
white_323,-80.3696331,25.1759388
white_323,-80.3696331,25.1759388
white_323,-80.3696331,25.1759388
white_323,-80.3921583333,25.14445
white_323,-77.9472455,35.30807273
white_323,-80.215974832,26.4991939254
white_323,-80.2595371028,25.7116822575
white_323,-78.8849032935,35.8944143314
white_323,-80.5493543085,26.9377904782
white_323,-80.3299038825,26.851724473
white_323,-77.4739896879,37.5963498194
white_323,-80.8220400075,28.6390570433
white_323,-80.2748033333,26.9968866667
white_323,-80.3572238571,26.0299240867
white_323,-80.810546875,28.5345783234
white_323,-80.2152133333,43.5336366667
white_323,-80.700661,25.393345
white_323,-80.07989469,39.0161531
white_323,-80.3162384033,27.5382613737
white_323,-80.6096644812,25.4037580577
white_323,-80.779929,25.433739
white_323,-80.77662,28.8565666667
white_323,-80.899453386,28.0537578764
white_323,-80.972345,29.0943445
white_323,-79.6577033681,32.9411935193
white_323,-79.6886800837,33.0722772259
white_323,-80.9524313889,25.1374347222
white_323,-80.630426357,25.3888438028
white_323,-80.7106316667,26.5791016667
white_323,-80.1937382296,32.7829190849
white_323,-80.0100777833,40.5659
white_323,-79.8723837733,43.2715740042
white_323,-79.907122,43.280563
white_323,-79.0906342817,41.3272685584
white_323,-80.122816777,25.8093112758
white_323,-80.6065177917,25.3824945389
white_323,-80.766726,25.748949
white_323,-77.0234083333,38.4656666667
white_323,-80.2537016667,25.9757233333
white_323,-80.08029,26.9488166667
white_323,-77.4639222222,37.5596444444
white_323,-80.117975,26.2097039722
white_323,-80.2510416667,27.2482305556
white_323,-80.682332,28.371168
white_323,-77.789696,37.5170719722
white_323,-77.7353966667,39.3231716667
white_323,-78.9049216667,42.6995966667
white_323,-80.8203200251,28.6379700497
white_323,-80.6128953934,25.3884349896
white_323,-80.5571818623,27.9025786411
white_323,-80.6562313624,25.4034226947
white_323,-80.5589972222,26.9729416667
white_323,-80.5406277778,26.9669138889
white_323,-80.2085633333,26.5735916667
white_323,-80.2083966667,26.5736866667
white_323,-80.6562638889,25.4035916667
white_323,-80.1052472927,26.3748199772
white_323,-80.1150444788,26.3877252212
white_323,-80.4348611111,27.1643222222
white_323,-80.5265361111,27.126325
white_323,-80.5273055556,27.1264083333
white_323,-80.2700412924,26.1701952345
white_323,-80.8273547888,28.931161876
white_323,-80.87748,28.68693
white_323,-80.7471932736,28.6566689365
white_323,-79.4969510416,43.7727882517
white_323,-80.3130333333,26.9812277778
white_323,-80.0689,26.4961033333
white_323,-80.61238,28.0705278333
white_323,-78.03868269,25.11118289
white_323,-80.1756499476,26.2642948419
white_323,-80.1561805,26.7325916667
white_323,-80.2129474635,26.3058803292
white_323,-80.1028257609,26.3715125621
white_323,-80.1018311926,26.3751498389
white_323,-80.1475916667,26.5835283333
white_323,-80.1044136287,26.3690658426
white_323,-80.0786526968,26.830217919
white_323,-80.0968813,26.3672907
white_323,-80.3327424546,27.5890358817
white_323,-80.1240388333,26.3472883333
white_323,-77.933976,24.906606
white_323,-80.7815866667,25.4131416667
white_323,-80.4407055556,27.1630472222
white_323,-80.442725,27.1645861111
white_323,-80.4636694444,27.1626777778
white_323,-80.4623861111,27.1640361111
white_323,-80.0559472222,40.3746388889
white_323,-80.274614,35.80838945
white_323,-80.3645888889,25.1788638889
white_323,-116.744339,32.63042
white_323,-116.488767,34.155888
white_323,-116.409826,33.669197
white_323,-116.308281,33.592927
white_323,-116.309114,33.590569
white_323,-116.30597,33.598275
white_323,-116.4048307949,33.6650298396
white_323,-116.05794,33.773012
white_323,-116.055536,33.778291
white_323,-116.1713056081,33.2914099843
white_323,-116.1720350851,33.2910408872
white_323,-116.9179141379,32.8577697234
white_323,-116.9179354592,32.8595903962
white_323,-116.2892841642,33.8265482756
white_323,-116.4162671474,33.3659611456
white_323,-116.4162313567,33.3659620677
white_323,-116.4162250702,33.3659066214
white_323,-116.4161924646,33.3659537277
white_323,-116.41638265,33.3659147937
white_323,-116.4163883333,33.3659083333
white_323,-116.4222609625,33.3698627958
white_323,-116.4224000183,33.3699588105
white_323,-116.4225860966,33.370179506
white_323,-116.153685758,33.2843937865
white_323,-116.1533701793,33.2854078291
white_323,-116.928745,34.2504916667
white_323,-116.9113533333,34.2400616667
white_323,-116.4906589167,33.7911791667
white_323,-116.490636921,33.791228492
white_323,-116.4904050833,33.7916518333
white_323,-116.9385838509,32.8597744903
white_323,-116.654567672,33.9860726567
white_323,-116.44735,33.698505
white_323,-116.1426695,34.0438416667
white_323,-116.7333166667,32.9936933333
white_323,-116.1141666667,33.255
white_323,-116.42604086,33.67431369
white_323,-116.2254192588,34.1235886328
white_323,-116.5091666667,33.2413888889
white_323,-116.4991666667,33.2438888889
white_323,-116.4897222222,33.2397222222
white_323,-116.51,33.2383333333
white_323,-116.3257335204,33.8233070839
white_323,-116.3261495895,33.8257955459
white_323,-116.3265556503,33.825188674
white_323,-116.2672263478,32.9520286108
white_323,-116.2499421929,32.9107392719
white_323,-116.0419444444,33.3197222222
white_323,-116.0476283333,33.3150533333
white_323,-116.06278,33.3142383333
white_323,-116.0427766667,33.3198416667
white_323,-116.0611111111,33.315
white_323,-116.4266333333,33.67428
white_323,-116.3241050406,33.8223494634
white_323,-116.3242328857,33.8223706922
white_323,-116.3272389068,33.8252031259
white_323,-116.326016541,33.8262528104
white_323,-116.4057,33.66178
white_323,-116.3299392727,33.8266603262
white_323,-116.3296788677,33.8253543421
white_323,-116.3270556394,33.8230760119
white_323,-116.1777483333,33.229685
white_323,-116.1816666667,33.2347222222
white_323,-116.9622192383,32.5847206116
white_323,-116.182,33.19493
white_323,-116.1823366667,33.1948733333
white_323,-116.1816666667,33.1944444444
white_323,-116.1761111111,33.1905555556
white_323,-116.1766666667,33.1930555556
white_323,-116.5046533333,33.6595916667
white_323,-116.2505905,32.9037789444
white_323,-116.4760061389,33.7594948611
white_323,-116.4791284444,33.7535066389
white_323,-116.4756237904,33.759676998
white_323,-116.6084186733,31.9014163252
white_323,-116.4107,33.6713111117
white_323,-116.941405,32.72613833
white_323,-116.6085011512,31.9013514282
white_323,-116.5681260507,34.047974145
white_323,-116.44065,33.23644167
white_323,-116.4327933333,33.69147
white_323,-116.4424361117,33.6968472217
white_323,-116.5311583333,33.7294583333
white_323,-116.169175,34.0147388889
white_323,-116.5324356328,33.89888037
white_323,-116.5453602778,33.7733400833
white_323,-116.5454076944,33.7732205
white_323,-116.5456663817,33.7763557771
white_323,-116.5454684167,33.7764197222
white_323,-116.5454684167,33.7764197222
white_323,-116.5457998889,33.77751675
white_323,-116.5457998889,33.77751675
white_323,-116.5457611117,33.7778361117
white_323,-116.4072691667,33.2285894444
white_323,-116.4004616667,33.2264122222
white_323,-116.5262631389,33.7833503889
white_323,-116.5270240278,33.7855564444
white_323,-116.4110716667,33.6713366667
white_323,-116.3109133333,33.832275
white_323,-116.1990666667,33.7444833333
white_323,-116.6260133333,33.26625
white_323,-116.6092,33.2536916667
white_323,-116.9204317805,32.7386327143
white_323,-116.1507333333,34.0940028333
white_323,-116.5582870816,34.0054459348
white_323,-116.4103305556,33.6694972222
white_323,-116.977966631,33.4409870995
white_323,-116.9959934997,33.1020964
white_323,-116.06775,33.9907883333
white_323,-116.4997666667,34.0559222222
white_323,-116.4473464997,33.5795657997
white_323,-116.4467383333,33.5794416667
white_323,-116.445145,33.579075
white_323,-116.5409616,33.7845994997
white_323,-116.4494129241,34.1128248035
white_323,-116.841648,33.27492
white_323,-116.4337,33.72957
white_323,-116.5367059722,33.0367049722
white_323,-116.5101389722,33.2386109722
white_323,-116.505587,33.24414
white_323,-116.65432,33.98765333
white_323,-116.64559167,33.95745833
white_323,-116.6456,33.957375
white_323,-116.4336666667,33.7294555556
white_323,-116.4299611111,33.7318
white_323,-116.433738,33.7293749722
white_323,-116.43406,33.7291499722
white_323,-116.6548783333,33.986575
white_323,-116.4299083333,33.73188
white_323,-116.4299166667,33.7318633333
white_323,-116.4336866667,33.7295133333
white_323,-116.303278,33.3494499722
white_323,-116.443145,33.7230833333
white_323,-116.330372142,33.0415976806
white_323,-116.4546386585,34.0179766082
white_323,-116.9135789722,33.2995469722
white_323,-116.525242,33.0519779722
white_323,-116.5278749722,33.052365
white_323,-116.528576,33.0551859722
white_323,-116.6784833333,33.8840166667
white_323,-116.4084466667,33.6438133333
white_323,-116.2819583333,33.3014666667
white_323,-116.42938833,33.73180833
white_323,-116.42948833,33.73178833
white_323,-116.42971667,33.73167833
white_323,-116.43329667,33.729605
white_323,-116.4106714951,33.6699385328
white_323,-116.4337416667,33.729155555
white_323,-116.5919611111,33.3769833333
white_323,-116.5925689722,33.378967
white_323,-116.22579167,33.18095
white_323,-116.605744,33.364212
white_323,-116.4453606227,34.1185754392
white_323,-116.3861833333,33.5675966667
white_323,-116.3143511968,33.6352623325
white_323,-116.6528783333,33.9839666667
white_323,-116.3631972222,33.6992555556
white_323,-116.395938,33.3448739722
white_323,-116.395796,33.3446759722
white_323,-116.2569332031,32.9326141952
white_323,-116.2561957882,32.9297343189
white_323,-116.2572248095,32.9346595472
white_323,-116.2567998029,32.9348806026
white_323,-116.402045,33.353383
white_323,-116.2571482827,32.933013551
white_323,-116.402889,33.3543809722
white_323,-116.4034829722,33.3548079722
white_323,-116.411839,33.3617709722
white_323,-116.39964,33.34641
white_323,-116.4097399722,33.3625979722
white_323,-116.408832,33.3625929722
white_323,-116.4023839722,33.358972
white_323,-116.5163856373,33.8096450472
white_323,-116.5172809883,33.8104754981
white_323,-116.5159537035,33.8110676496
white_323,-116.0880279722,33.283996
white_323,-116.0879759722,33.284004
white_323,-116.0241319722,33.2891699722
white_323,-116.40071,33.35025
white_323,-116.40098,33.35072
white_323,-116.5258926418,33.8125069798
white_323,-116.39979,33.34649
white_323,-116.40336,33.3556
white_323,-116.4064,33.36061
white_323,-116.2407216667,33.3044383333
white_323,-116.227075,33.315
white_323,-116.22992,33.3236716667
white_323,-116.2406616667,33.316745
white_323,-116.4098170254,33.6705653003
white_323,-116.40818,33.25748
white_323,-116.4088283333,33.2578283333
white_323,-116.36712,33.3054416667
white_323,-116.657295,33.9901116667
white_323,-116.197387,33.317936
white_323,-116.200207,33.320143
white_323,-116.203218,33.3204929722
white_323,-116.2089509722,33.3262709722
white_323,-116.201644,33.313605
white_323,-116.3404216667,33.3026083333
white_323,-116.3983258204,33.7270707938
white_323,-116.4205133331,33.6742129203
white_323,-116.4053027778,33.6616472222
white_323,-116.4063888889,33.65845
white_323,-116.0594211146,33.9978299084
white_323,-116.4058133333,33.658925
white_323,-116.3887224645,33.2417036346
white_323,-116.3880513878,33.2407309891
white_323,-116.3902583333,33.2415716667
white_323,-116.392005,33.23963
white_323,-116.183267,33.2995
white_323,-116.9071666667,32.4487383333
white_323,-116.180535,33.3130009722
white_323,-116.18012,33.313222
white_323,-116.1745133333,33.292825
white_323,-116.1744216667,33.292675
white_323,-116.9092179722,32.389301
white_323,-116.3622523314,33.7013675251
white_323,-116.36733449,33.33407374
white_323,-116.36743946,33.33353308
white_323,-116.4058383333,33.65893
white_323,-116.4053116667,33.661705
white_323,-116.1763239722,33.3236759722
white_323,-116.1765819722,33.3237409722
white_323,-116.1121138333,33.297245
white_323,-116.3949366667,33.666755
white_323,-116.3855666667,33.3523616667
white_323,-116.17655,33.32407
white_323,-116.17871,33.31712
white_323,-116.404595,33.6676533333
white_323,-116.3991220997,33.7055882
white_323,-116.3990914997,33.7056115997
white_323,-116.398955,33.7057515997
white_323,-116.3183611117,33.643455555
white_323,-116.3198777783,33.639919445
white_323,-116.3216083333,33.637269445
white_323,-116.3260833333,33.6332083333
white_323,-116.3276527783,33.6282388883
white_323,-116.326994445,33.6279972217
white_323,-116.3281138883,33.627425
white_323,-116.32856,33.6266183333
white_323,-116.3274,33.3027216667
white_323,-116.1286966667,33.0606366667
white_323,-116.1396883333,33.0573733333
white_323,-116.3277133333,33.30288
white_323,-116.17151021,33.2850794267
white_323,-116.1693994467,33.2849192867
white_323,-116.6850966667,34.0086638833
white_323,-116.5418365,33.7870212997
white_323,-116.41662,33.36614
white_323,-116.41707,33.36654
white_323,-116.41839,33.36726
white_323,-116.41848,33.36726
white_323,-116.41916,33.36774
white_323,-116.42512,33.37755
white_323,-116.4143366667,33.3898566667
white_323,-116.4161509722,33.3917929722
white_323,-116.42139,33.3928333333
white_323,-116.4237279722,33.371358
white_323,-116.4104083333,33.6693633333
white_323,-116.0680916667,34.0176971667
white_323,-116.4106666667,33.6691583333
white_323,-116.568,34.0409
white_323,-116.6839966667,33.8811616667
white_323,-116.5354783333,33.736
white_323,-116.6300342606,34.0171088325
white_323,-116.4006271362,33.6869506836
white_323,-116.43437,33.36991
white_323,-116.299901,33.3512539722
white_323,-116.2943219722,33.3529699722
white_323,-116.293011,33.353135
white_323,-116.292702,33.353351
white_323,-116.292494,33.35356
white_323,-116.2919129722,33.353605
white_323,-116.2912989722,33.353721
white_323,-116.267474,33.3610109722
white_323,-116.2670389722,33.361569
white_323,-116.258092,33.365239
white_323,-116.2725383333,33.3620383333
white_323,-116.2919009722,33.355651
white_323,-116.1693416667,34.0146777833
white_323,-116.42443,33.37108
white_323,-116.40552,33.36039
white_323,-116.2879818239,33.8694276341
white_323,-116.6826783333,33.8808666667
white_323,-116.4057681503,33.2590662178
white_323,-116.4059006006,33.2594375357
white_323,-116.4205033333,33.36887
white_323,-116.5096366667,33.636305
white_323,-116.63852,33.961925
white_323,-116.738934195,32.8582995671
white_323,-116.7390681489,32.8583226921
white_323,-116.3171194444,33.3047027778
white_323,-116.0570528333,33.9746333333
white_323,-116.4330813144,33.2805871779
white_323,-116.3553477266,33.2363964524
white_323,-116.3269805556,33.6280361111
white_323,-116.38958,33.2408966667
white_323,-115.9307032452,33.9254555712
white_323,-115.9407274147,33.9270545869
white_323,-115.327756,34.011582
white_323,-113.9941234578,29.0615115851
white_323,-114.763425,34.89071
white_323,-108.6601409912,26.40716362
white_323,-114.2199180005,36.7320831343
white_323,-114.7123457497,36.7105564947
white_323,-111.3335499634,26.0507979803
white_323,-113.4848196433,27.639120603
white_323,-113.5774369911,27.1274526883
white_323,-114.8936459956,36.1271442232
white_323,-113.4599304199,27.6428829662
white_323,-113.6310501099,37.1382408142
white_323,-109.9214321435,24.3141111895
white_323,-114.7544866667,36.001275
white_323,-111.6163466667,33.552775
white_323,-112.2423616667,33.6245666667
white_323,-115.6837463379,33.7028770447
white_323,-115.6837463379,33.7028770447
white_323,-110.9617611111,29.1535138889
white_323,-110.9632555556,29.1563416667
white_323,-115.9947222222,33.3191666667
white_323,-115.929103259,33.9250233224
white_323,-115.56501539,34.076356
white_323,-109.921045,24.3001333333
white_323,-115.8983083333,33.6546083333
white_323,-115.905875,33.650525
white_323,-115.9186033333,33.6654916667
white_323,-115.9069966667,33.649655
white_323,-115.918305,33.66433
white_323,-115.8195716667,34.1872666667
white_323,-115.9777777778,33.1608333333
white_323,-115.7698616667,33.49492
white_323,-109.9172611111,24.3244111111
white_323,-109.8549209548,24.1604960808
white_323,-111.1683813615,32.2390063374
white_323,-114.11834717,36.29173278
white_323,-111.97626,33.6614316667
white_323,-107.411985,24.8057616667
white_323,-111.9114133716,29.1791509724
white_323,-107.41135,24.80567
white_323,-112.6387064254,29.9782682482
white_323,-109.9209833333,24.3141611111
white_323,-114.7586195941,33.191729653
white_323,-112.0384083382,33.5328999324
white_323,-112.0383201986,33.5327068503
white_323,-112.0385953658,33.5308886883
white_323,-112.0382609488,33.5304379608
white_323,-112.0378884611,33.5299640097
white_323,-112.0348207546,33.5270101771
white_323,-112.0352566433,33.526023957
white_323,-112.0327032136,33.4921710675
white_323,-112.0931655541,33.8615986705
white_323,-112.092996994,33.8612871151
white_323,-112.0930119976,33.8603380322
white_323,-107.5434783333,25.0410833333
white_323,-107.5417783333,25.0310316667
white_323,-107.5250066667,25.0216616667
white_323,-107.5249716667,25.021775
white_323,-110.78244667,32.33601667
white_323,-111.7358083333,33.3628277778
white_323,-111.7339138889,33.3624361111
white_323,-111.7339138889,33.3624361111
white_323,-111.7331944444,33.3628833333
white_323,-111.7329361111,33.3617472222
white_323,-111.7333388889,33.361375
white_323,-111.7344833333,33.3612722222
white_323,-111.924478,33.778261
white_323,-111.924502,33.778231
white_323,-111.9245220815,33.7779710815
white_323,-111.9245064912,33.7779634958
white_323,-112.0697958982,33.4223629836
white_323,-111.7328166667,33.3635694444
white_323,-111.7328166667,33.3635694444
white_323,-111.7328166667,33.3635694444
white_323,-112.070353979,33.4222952468
white_323,-111.7331944444,33.3628833333
white_323,-111.6639726213,33.4326120184
white_323,-112.0422437401,33.4862021064
white_323,-111.7362,33.3620722222
white_323,-111.7357722222,33.3610638889
white_323,-111.7348083333,33.3613944444
white_323,-111.7329361111,33.3617472222
white_323,-111.2142416667,32.4261305556
white_323,-111.2142416667,32.4261305556
white_323,-111.2142416667,32.4261305556
white_323,-111.2142416667,32.4261305556
white_323,-111.348045,33.399525
white_323,-107.25075,24.7767383333
white_323,-107.250445,24.7766066667
white_323,-115.994298,33.627445
white_323,-109.1485266392,29.3850024482
white_323,-112.0597930067,33.5024517216
white_323,-111.948866063,33.4517399694
white_323,-111.0915002617,31.5520033722
white_323,-107.5415516667,25.02281
white_323,-107.5427683333,25.0237283333
white_323,-107.54209,25.0241383333
white_323,-113.5959613015,28.9769171082
white_323,-110.1516143605,24.0578668349
white_323,-112.0065629062,36.99965969
white_323,-110.7409488431,32.2690832951
white_323,-110.9499816894,29.1582412719
white_323,-111.9587466667,33.4899216667
white_323,-110.0989146656,24.0072671353
white_323,-111.5455183733,32.7262767811
white_323,-111.0475076667,33.3121257778
white_323,-115.9955522014,33.6236983108
white_323,-112.65336,33.3092483333
white_323,-110.9659576414,29.1450214383
white_323,-110.97625,32.2940333333
white_323,-112.682175,33.9212716667
white_323,-111.6564416667,33.4784666667
white_323,-107.4196583333,24.815905
white_323,-112.6533633333,33.3086733333
white_323,-114.2516966667,36.9913333333
white_323,-114.5352405,36.5073322
white_323,-111.3967077,32.5483159
white_323,-112.8451365978,49.6957428012
white_323,-110.8982421803,32.4250466014
white_323,-107.3897033333,25.0962083333
white_323,-115.677025,33.9542861111
white_323,-110.7499873638,32.4209465791
white_323,-112.6944665683,33.9321374784
white_323,-112.0472239722,33.5801129722
white_323,-109.8215206541,28.882014444
white_323,-115.6773,33.9543833333
white_323,-115.6765966667,33.9543916667
white_323,-115.6762466667,33.9549033333
white_323,-108.73859,27.0422383333
white_323,-111.793333,33.753611
white_323,-108.9695380256,25.7685055099
white_323,-112.1608111667,33.73697
white_323,-111.7989526077,33.6963707411
white_323,-111.7988969666,33.6963706976
white_323,-110.9279050252,32.2816767017
white_323,-112.692641682,33.9319363939
white_323,-110.0005376,24.0992543997
white_323,-115.7786166667,33.8460583333
white_323,-115.7791533333,33.8461116667
white_323,-115.7797783333,33.84605
white_323,-115.8100366667,33.7192583333
white_323,-108.3869283646,26.0072737955
white_323,-110.000448,24.0989456
white_323,-114.898675,29.5393166667
white_323,-112.6903,33.9313666667
white_323,-112.0224078745,33.3508438535
white_323,-110.683455,32.23223667
white_323,-112.2317883333,33.41555
white_323,-111.7656027778,34.7988805556
white_323,-112.7728633333,32.08995
white_323,-112.7733133333,32.0903533333
white_323,-115.8033635354,33.7039441388
white_323,-111.37887,33.0382
white_323,-115.8019166667,33.6982833333
white_323,-115.811195,33.7201
white_323,-115.810845,33.719955
white_323,-115.9235166667,33.600855
white_323,-115.9232866667,33.6001333333
white_323,-115.9232033333,33.59988
white_323,-115.923395,33.5995916667
white_323,-115.9235216667,33.599895
white_323,-109.3089138889,32.9655
white_323,-111.8120250365,33.8759394224
white_323,-115.8221221,33.7285250997
white_323,-115.8076925997,33.7145895
white_323,-115.8070165,33.7144989
white_323,-115.8060248997,33.7112551
white_323,-107.2034404276,24.8557011865
white_323,-107.2034404276,24.8557011865
white_323,-112.3098206244,33.9058546793
white_323,-114.7463124171,29.7501300873
white_323,-111.837189,33.768064
white_323,-114.8966923581,29.6161397486
white_323,-115.4227903363,35.1107209892
white_323,-111.8449710726,33.0649314467
white_323,-113.4894817244,34.4693884777
white_323,-113.48921,34.4693833333
white_323,-114.7469466667,35.9835966667
white_323,-121.043084,38.772509
white_323,-121.6698504722,38.4353193056
white_323,-121.8606734077,37.373415367
white_323,-121.870759,37.221927
white_323,-121.955752,37.407823
white_323,-121.57332,37.1101028333
white_323,-121.969599696,47.8649313986
white_323,-121.4869783333,37.6535333333
white_323,-121.4869783333,37.65343
white_323,-121.7388,37.1659195
white_323,-121.8069311936,37.2766135855
white_323,-121.9599464,37.54509553
white_323,-121.926095,36.44788
white_323,-121.972084,37.196954
white_323,-121.8092511405,37.4000397651
white_323,-121.834029453,47.7193286084
white_323,-121.87521042,37.46434288
white_323,-121.87447118,37.4634039799
white_323,-121.8566583284,36.5613265755
white_323,-121.810913571,36.6802221891
white_323,-121.8855450506,47.0033111633
white_323,-121.7677166667,36.6217033333
white_323,-121.732405,37.1666445
white_323,-121.6865263523,36.5907293021
white_323,-121.7734133333,36.248905
white_323,-121.7681883333,36.2518716667
white_323,-121.7787054624,37.2118307221
white_323,-121.7936466667,36.7345
white_323,-121.596175,37.1545611111
white_323,-121.9200222222,36.5621416667
white_323,-121.95468,49.1743966667
white_323,-121.7310116667,37.1699716667
white_323,-121.4188,36.0974471667
white_323,-121.7933336367,36.6545242863
white_323,-121.756195,36.6283533333
white_323,-121.2589799722,35.6638749722
white_323,-121.2589799722,35.6638749722
white_323,-121.784833,36.7294392
white_323,-121.851069,37.443245
white_323,-121.8123834031,36.6729786386
white_323,-121.9627409722,39.7344989722
white_323,-121.8540115278,37.9881133889
white_323,-121.8083283333,37.279575
white_323,-121.8090359488,37.4000622555
white_323,-121.854745,36.6032466667
white_323,-121.7501376007,38.5197612448
white_323,-121.6183166667,36.6928633333
white_323,-121.7132837792,36.2171258591
white_323,-121.86572469,37.45673352
white_323,-121.9503225364,36.5799065147
white_323,-121.854,36.2812361111
white_323,-121.8056983997,37.2037029
white_323,-121.7928091997,37.2095908
white_323,-121.9132843018,36.4588652495
white_323,-121.8496978997,37.1730469997
white_323,-121.7556533333,36.6291416667
white_323,-121.2589127944,35.6639255304
white_323,-121.9466941638,36.5211724536
white_323,-121.81812,36.6805116667
white_323,-121.8088222222,37.2808722222
white_323,-121.8993488531,36.6141208979
white_323,-124.1074205202,44.3262274154
white_323,-124.091629093,41.2869403894
white_323,-124.0565709948,44.6584576544
white_323,-124.0627810889,44.6408709246
white_323,-124.2362099,41.8044452997
white_323,-124.0919039783,44.3675620825
white_323,-124.1056816209,44.3219947573
white_323,-124.2124663997,40.7360333
white_323,-124.1087083997,41.0103375997
white_323,-124.1088869722,41.0104919722
white_323,-125.908093052,49.1490594624
white_323,-81.5162,30.265271
white_323,-81.6480076982,29.196670314
white_323,-82.0500563979,29.2020983316
white_323,-81.670145,28.5039116667
white_323,-82.1129760742,26.4512367249
white_323,-82.6699294889,27.8400998646
white_323,-82.053499,28.302334
white_323,-84.9790797,30.0202022
white_323,-82.65027073,27.72479104
white_323,-82.6576483,27.73460941
white_323,-82.66197822,27.73689187
white_323,-81.731868,28.170836
white_323,-84.5932774,30.013598
white_323,-81.2040086265,31.4813064949
white_323,-82.64624795,27.79608918
white_323,-81.99993,28.82997
white_323,-82.6148216667,29.5770633333
white_323,-81.4896942,27.8644085
white_323,-81.5303488,27.4711532
white_323,-81.5303488,27.4711532
white_323,-82.1423568726,30.7378063202
white_323,-84.4720094478,30.4584853136
white_323,-84.4610230918,30.4571536476
white_323,-85.1203,29.64989
white_323,-82.2865857158,29.5554589215
white_323,-81.902755,27.9734375
white_323,-84.5168694444,30.4563833333
white_323,-85.13022,29.65699
white_323,-84.2991309077,30.430713847
white_323,-84.42578,30.0132527833
white_323,-81.2023483333,28.3347283333
white_323,-81.2026283333,28.3350966667
white_323,-81.3480611612,26.1595530901
white_323,-81.3485921548,26.1597014917
white_323,-84.45929384,30.04403422
white_323,-81.8606853174,27.9998203427
white_323,-81.3839916933,24.7089137315
white_323,-81.8693388889,29.5671972222
white_323,-81.3120805556,29.6389305556
white_323,-81.6510555556,29.1984388889
white_323,-81.6565168051,29.2159833044
white_323,-81.767517496,26.4655186655
white_323,-81.76754351,26.46547303
white_323,-81.626252,27.744309
white_323,-84.3193937838,30.4336562349
white_323,-81.2621388889,29.6437083333
white_323,-82.6730367825,27.4365531182
white_323,-81.773159355,26.4627016755
white_323,-81.3349,30.021825
white_323,-81.6508777778,29.1986861111
white_323,-81.2743985653,24.6597438892
white_323,-81.56641149,26.88376177
white_323,-84.7457127869,29.8094244913
white_323,-84.7457295206,29.8094359656
white_323,-82.6818335165,27.7979626212
white_323,-81.2056528777,28.3397062115
white_323,-81.3157531992,25.9620786312
white_323,-81.3146015257,25.9606051765
white_323,-81.3150011748,25.9628949317
white_323,-81.25193301,26.18201881
white_323,-81.26361255,26.18184632
white_323,-81.2635765225,26.1817074515
white_323,-82.6536471775,27.7937827592
white_323,-83.6456,33.8381
white_323,-81.3420843613,28.44103924
white_323,-81.20440211,28.35243573
white_323,-81.2340186528,28.370849449
white_323,-82.4701461792,27.2964134216
white_323,-81.9374262169,26.862584031
white_323,-81.94971504,26.88322385
white_323,-81.9496433437,26.8814994633
white_323,-81.3564858735,28.9741938495
white_323,-81.380759,24.705844
white_323,-81.0401869046,27.5906862423
white_323,-81.0421678791,29.1849473588
white_323,-82.34452,29.6438616667
white_323,-81.4161572412,25.7863060986
white_323,-81.6069492024,26.3745044148
white_323,-81.1827425704,29.0310170838
white_323,-81.3379976,28.9914955
white_323,-81.184258294,29.0278780244
white_323,-81.1824416667,29.02945
white_323,-82.387959,29.653362
white_323,-82.5247583333,27.300705
white_323,-82.5246386617,27.3007266103
white_323,-81.183675,29.0284888333
white_323,-85.740072,38.221216
white_323,-84.21035427,30.15119031
white_323,-81.9835188586,29.5623976599
white_323,-81.37345961,28.56373412
white_323,-84.5210366667,30.457625
white_323,-82.6283798651,27.4540587555
white_323,-82.4567415287,27.1706391033
white_323,-81.7348503694,26.0238494465
white_323,-81.86585621,27.94741709
white_323,-85.7396913506,38.2344962748
white_323,-81.2530632763,24.6701577205
white_323,-81.2530632763,24.6701577205
white_323,-85.0050091667,29.9903372222
white_323,-82.1901388301,29.6622397073
white_323,-82.3452133333,29.6466966667
white_323,-82.2931637778,29.5493813889
white_323,-81.5161666667,30.2652944444
white_323,-82.7384683333,27.7858066667
white_323,-82.6337722548,27.7857781353
white_323,-82.2977929722,29.5283709722
white_323,-82.297909,29.5283569722
white_323,-82.3691519722,29.6343099722
white_323,-81.8113483333,24.5490266667
white_323,-81.8113495,24.5490442
white_323,-81.819815,29.758206
white_323,-84.41607,39.07573333
white_323,-81.9775616667,36.2038216667
white_323,-82.5846087778,28.2495849722
white_323,-81.5162888889,30.265075
white_323,-82.6273830833,28.2526580556
white_323,-82.5983807778,28.2350575278
white_323,-82.5387102553,27.5549784489
white_323,-82.3247666667,29.6171555556
white_323,-81.9970125833,27.0978536389
white_323,-82.045583769,42.2621851282
white_323,-81.9939457222,27.1028479444
white_323,-81.9959314886,27.1000237423
white_323,-81.9959314886,27.1000237423
white_323,-82.6249397546,27.7830998778
white_323,-82.1110762778,26.9726345
white_323,-82.495451,29.877325
white_323,-82.502798,29.874976
white_323,-82.506157,29.8724249722
white_323,-81.780352956,36.2204642232
white_323,-81.4529583333,30.8361616667
white_323,-82.1450805664,27.7900428772
white_323,-81.0009390869,32.0295296241
white_323,-82.3310279846,29.6473517351
white_323,-83.6602751,38.17038442
white_323,-83.9914083333,30.5625
white_323,-82.4682678,27.11489959
white_323,-81.8379551545,26.4440813724
white_323,-81.0966195,28.6550833333
white_323,-84.96067,30.0408971722
white_323,-84.9909166667,29.8212733333
white_323,-85.0075901,29.8414106
white_323,-82.5765151978,27.3113193512
white_323,-82.7455970117,27.7978426874
white_323,-82.7450389431,27.7976189839
white_323,-82.7441282893,27.7971475435
white_323,-82.7441510257,27.7970434556
white_323,-84.540074571,30.561443761
white_323,-81.2834701315,28.2511459362
white_323,-81.5468854364,30.123226773
white_323,-84.192093,30.703522
white_323,-82.3246770822,29.6184752176
white_323,-81.2667314708,26.1724121014
white_323,-81.266425699,26.1673255675
white_323,-82.1713631228,27.3774929768
white_323,-82.5721435547,27.31067276
white_323,-82.279684,29.652942
white_323,-82.278907,29.652301
white_323,-81.7752501369,26.1415010691
white_323,-85.232345,35.10245
white_323,-84.2689366667,33.8385966667
white_323,-82.3261665485,29.6201237714
white_323,-81.8373555556,29.7348277778
white_323,-82.5523102,28.6173869
white_323,-82.581691,28.058173
white_323,-83.9913896337,30.5631793356
white_323,-81.1588221667,28.710955
white_323,-84.54384,30.002845
white_323,-81.157325,28.7139
white_323,-82.32711194,27.06752989
white_323,-81.0492555,27.5841716667
white_323,-81.7082939018,29.1836983664
white_323,-84.9606833333,30.040945
white_323,-84.9787808779,30.0254790393
white_323,-85.7400133333,33.4690583333
white_323,-81.79147,29.1669226
white_323,-81.0534112862,31.9554018781
white_323,-81.2714836566,24.6597848
white_323,-81.2714836566,24.6597848
white_323,-81.2714836566,24.6597848
white_323,-84.0772083333,36.2126466667
white_323,-81.73687,28.4384466667
white_323,-81.7406,28.4453083333
white_323,-82.3723428883,28.0735841068
white_323,-81.9523166667,27.9175616667
white_323,-82.3944653432,27.3530502
white_323,-82.4614763949,27.1705563604
white_323,-81.1234445,28.6316533333
white_323,-82.4619916454,27.1747482989
white_323,-81.7787665662,26.4676671738
white_323,-84.9607083333,30.0410721722
white_323,-82.6537381,28.36649558
white_323,-81.8366252411,29.1857043531
white_323,-81.8350884266,29.1854372117
white_323,-81.7634957644,26.4597083361
white_323,-81.0361040756,25.7500663833
white_323,-82.603875,27.8487916667
white_323,-81.8029461846,28.9107221631
white_323,-81.6513340921,29.2006511428
white_323,-82.7823416667,28.0340916667
white_323,-82.7831579663,34.6745306536
white_323,-82.1608748832,29.500370332
white_323,-81.3723616667,29.1080638333
white_323,-81.3665783333,29.1082221667
white_323,-81.369505,29.1087
white_323,-81.372345,29.1080361667
white_323,-81.3723444444,29.1080527778
white_323,-81.4716559722,28.456661
white_323,-81.461651,28.71133
white_323,-81.4616189722,28.712453
white_323,-84.5439366667,30.0029083333
white_323,-81.479915,28.7396579722
white_323,-81.4780789722,28.7427069722
white_323,-81.4755779722,28.74258
white_323,-81.477377,28.7445589722
white_323,-81.478536,28.747681
white_323,-81.4845329722,28.7529499722
white_323,-81.3694833333,29.1086833333
white_323,-81.484363,28.7538909722
white_323,-81.485112,28.7547069722
white_323,-81.4942159722,28.7540289722
white_323,-81.4942159722,28.7540289722
white_323,-81.503073,28.7457239
white_323,-81.5035429722,28.7431769722
white_323,-81.4977769722,28.7305169722
white_323,-81.4863943,28.7257642
white_323,-81.4810329722,28.727855
white_323,-81.4723919722,28.72155
white_323,-82.390975,27.1379833333
white_323,-81.360655,28.28128
white_323,-81.3751333,29.1118312
white_323,-81.3723283,29.1080566
white_323,-81.3694365,29.1086734997
white_323,-81.0852009722,28.5278799722
white_323,-81.0851009722,28.527822
white_323,-81.0872849722,28.5282219722
white_323,-81.0887019722,28.5276719722
white_323,-81.096101,28.528548
white_323,-81.043625,28.5952219722
white_323,-81.0435839722,28.5940119722
white_323,-81.3569288,29.1077214
white_323,-81.3792874007,24.7061025406
white_323,-81.7686117448,24.5571915323
white_323,-81.673208,28.705507
white_323,-81.675239,28.70533
white_323,-81.6754049722,28.705335
white_323,-81.6769489722,28.7048309722
white_323,-81.673124,28.704276
white_323,-81.4948909722,28.673829
white_323,-81.4948909722,28.673829
white_323,-81.471305,28.4565699722
white_323,-81.4714089722,28.4566049722
white_323,-81.4715709722,28.4565809722
white_323,-81.4715709722,28.4565809722
white_323,-82.311805,28.8342966667
white_323,-81.095706,28.486253
white_323,-81.095706,28.486253
white_323,-81.0958109722,28.4862819722
white_323,-81.0958109722,28.4862819722
white_323,-81.0958109722,28.4862819722
white_323,-81.095853,28.4862819722
white_323,-81.0957319722,28.4863239722
white_323,-81.0953779722,28.4863579722
white_323,-81.0953559722,28.486148
white_323,-81.095402,28.485752
white_323,-81.095748,28.486055
white_323,-81.098104,28.48629
white_323,-81.1013209722,28.482648
white_323,-81.1065119722,28.4832439722
white_323,-81.1065169722,28.483152
white_323,-81.1065169722,28.483152
white_323,-81.1065169722,28.483152
white_323,-81.1074559722,28.4831749722
white_323,-81.1081819722,28.4830429722
white_323,-81.1084249722,28.482893
white_323,-81.108946,28.4827609722
white_323,-81.1182629722,28.484539
white_323,-81.1191349722,28.4857569722
white_323,-81.1191349722,28.4857569722
white_323,-81.1202219722,28.4871629722
white_323,-81.1205879722,28.4877479722
white_323,-81.1208769722,28.492148
white_323,-81.117733,28.4916049722
white_323,-81.1176465,28.4915857997
white_323,-81.114984,28.4908259722
white_323,-81.0529555556,28.6191805556
white_323,-81.0528638889,28.619075
white_323,-81.106311,28.4889919722
white_323,-81.1013489722,28.4878689722
white_323,-81.097611,28.486135
white_323,-81.559318,28.6691879722
white_323,-81.57155,28.6690539722
white_323,-81.575129,28.6693129722
white_323,-81.575828,28.6690469722
white_323,-81.581984,28.6690269722
white_323,-81.583731,28.668928
white_323,-81.583735,28.668901
white_323,-81.5856919722,28.668889
white_323,-81.5459889919,30.1267607338
white_323,-81.559822784,30.1258266416
white_323,-81.4816277778,28.4907944444
white_323,-81.4599079313,28.7125043527
white_323,-81.4599462839,28.7125060113
white_323,-81.4600972782,28.7126086541
white_323,-81.4812972222,28.4889722222
white_323,-81.4809166667,28.4885277778
white_323,-81.5633167395,28.6693501092
white_323,-85.7974688521,38.9201525391
white_323,-81.5823603332,28.6688607466
white_323,-81.5941937233,28.668981909
white_323,-81.5943841395,28.668773853
white_323,-81.3920159854,29.0832294408
white_323,-81.3627678203,29.1178050442
white_323,-81.5938172362,28.6676208188
white_323,-81.5936987127,28.6678920438
white_323,-81.593796561,28.667540308
white_323,-81.5934861791,28.6671915035
white_323,-81.5935455909,28.6673155183
white_323,-81.5935531662,28.6673716984
white_323,-81.5635140433,28.669096497
white_323,-81.6740136861,28.7057527071
white_323,-81.6770926299,28.7048761355
white_323,-81.4811027778,28.4906277778
white_323,-84.1378361997,30.3045839
white_323,-81.6514946569,29.1996686027
white_323,-71.1474072436,42.1857627092
white_323,-60.27889167,46.21760833
white_323,-60.09211667,46.17095833
white_323,-60.09260833,46.170795
white_323,-60.0449,46.16912833
white_323,-60.045075,46.16901667
white_323,-60.19215833,46.1220695
white_323,-60.2788787708,46.217500775
white_323,-59.9664216667,46.2048966667
white_323,-60.19691167,46.12343333
white_323,-60.09201383,46.17091333
white_323,-64.3269234849,44.2761630332
white_323,-69.9189453324,43.9354715243
white_323,-70.9665616667,42.35525
white_323,-60.4243391296,46.1505308737
white_323,-71.266289983,46.8494384568
white_323,-71.2704959166,46.8489537842
white_323,-71.2699492972,46.8489761833
white_323,-60.313519445,46.208830555
white_323,-60.3115160206,46.2105580761
white_323,-60.313430555,46.2088916667
white_323,-60.2240916667,46.1781983333
white_323,-60.2533616667,46.2043833333
white_323,-60.2533866667,46.2043416667
white_323,-60.2535366667,46.2042716667
white_323,-61.0340721667,45.2735633333
white_323,-60.18815,46.169761
white_323,-63.6124333333,44.6624116667
white_323,-71.3578349722,41.925243
white_323,-60.31688,46.2114316667
white_323,-60.3158783333,46.2122133333
white_323,-63.7895366667,44.4834883333
white_323,-60.1361105663,46.1503265143
white_323,-60.535092888,46.2924133529
white_323,-62.493195,45.6269833333
white_323,-62.5129283333,45.6273
white_323,-60.265825,46.1931533333
white_323,-60.26582,46.193165
white_323,-60.2654116667,46.1934283333
white_323,-62.6470833333,45.5861633333
white_323,-62.6476883333,45.5861866667
white_323,-62.6477,45.5862083333
white_323,-62.6424133333,45.6056333333
white_323,-60.6213718414,46.1434588834
white_323,-60.6692723604,46.1382054732
white_323,-65.6861958417,44.611586532
white_323,-65.1774141493,44.9913306915
white_323,-62.7332639694,45.7230467135
white_323,-63.45069,45.423844
white_323,-62.646875,45.5896019722
white_323,-64.7653031391,44.0681820787
white_323,-65.7628333333,44.6327472222
white_323,-63.4415800814,44.6011948379
white_323,-65.7627638889,44.6211277778
white_323,-60.532911,46.294151
white_323,-60.532911,46.294151
white_323,-63.437225,44.6593777778
white_323,-64.383605,45.0895695
white_323,-65.7618633333,44.6284133333
white_323,-60.5412872945,46.2854393336
white_323,-60.532911,46.294151
white_323,-60.544699947,46.2993134008
white_323,-60.532911,46.294151
white_323,-63.7236944444,44.7759861111
white_323,-71.0801778333,42.4526716667
white_323,-60.001655555,46.2085633333
white_323,-122.4328918457,37.6851654053
white_323,-122.4328918457,37.6851654053
white_323,-122.4341278076,37.6850776672
white_323,-123.3114833333,38.5620666667
white_323,-122.3610533333,47.4803116667
white_323,-122.253889,47.554394
white_323,-122.3795318604,47.7110290527
white_323,-122.1317055,37.0476388333
white_323,-122.1317528333,37.0476805
white_323,-122.1436694444,37.0552777778
white_323,-122.1467138889,37.05355
white_323,-122.1459805556,37.0544888889
white_323,-122.1459361111,37.0545083333
white_323,-122.0496444444,37.0414277778
white_323,-122.0503,37.0408666667
white_323,-122.0508194444,37.0359083333
white_323,-122.0501111111,37.0346416667
white_323,-122.2660904099,47.4262327329
white_323,-122.1424166667,37.0555111667
white_323,-122.1437221667,37.0552555
white_323,-122.144666,37.336406
white_323,-123.3169777778,38.5730361111
white_323,-122.1801432967,37.3891767273
white_323,-122.1765675,37.3827524001
white_323,-122.6526831518,45.4658257179
white_323,-122.2181299144,47.4493179759
white_323,-122.135540843,37.0515412922
white_323,-122.4583366667,37.7719716667
white_323,-122.0295678546,47.6946178778
white_323,-122.2068583333,37.9963283333
white_323,-122.0292361667,36.96217
white_323,-122.2830416667,37.1989283333
white_323,-122.2845958833,37.1990501333
white_323,-122.28151655,37.1986471333
white_323,-122.4959984985,37.7698278846
white_323,-122.4959984985,37.7698278846
white_323,-122.3316533333,37.8061766667
white_323,-123.4993666667,38.7428194444
white_323,-123.30893,38.5799783333
white_323,-122.282255394,37.1986773699
white_323,-122.4905616667,38.00785
white_323,-122.49769667,45.49086667
white_323,-123.0315021706,44.9349547131
white_323,-122.6759393,38.3400977
white_323,-122.02513883,38.20102
white_323,-122.01593888,38.19378333
white_323,-122.290183937,37.9394056094
white_323,-123.0463562012,48.0961380005
white_323,-123.1078989,44.080467
white_323,-122.5816955566,45.5014266968
white_323,-122.60388574,37.96781922
white_323,-123.4907913208,44.3256901469
white_323,-123.310836792,48.4625015259
white_323,-122.8488083333,38.0625195
white_323,-122.6066777298,37.9896225734
white_323,-122.289247,37.505844
white_323,-123.0307073,44.93523
white_323,-122.3842449308,47.7721244601
white_323,-122.2854466667,37.4701416667
white_323,-122.2881783333,37.4692466667
white_323,-123.055075,48.0512416667
white_323,-122.59448833,48.0611695
white_323,-122.4945014,37.6278506
white_323,-123.3165367997,38.571699
white_323,-123.04455298,44.64806951
white_323,-122.6771092812,38.3204316229
white_323,-122.3900586394,37.7532442631
white_323,-123.4633141487,44.6754439518
white_323,-123.4633141487,44.6754439518
white_323,-122.6543083333,45.5028
white_323,-122.2790361111,37.4630361111
white_323,-122.4643555555,45.5154722911
white_323,-123.761925,39.33195
white_323,-123.7269538,39.26910465
white_323,-123.05755444,44.63744889
white_323,-122.2788555556,37.463425
white_323,-122.2815944444,37.4624777778
white_323,-122.2895194444,37.4660861111
white_323,-122.66114649,43.84746912
white_323,-123.3721518352,44.5352615851
white_323,-123.3721518352,44.5352615851
white_323,-122.0472963333,37.0331024444
white_323,-122.4699801482,37.5019773745
white_323,-122.091125,37.3340133333
white_323,-123.7688,39.2011533333
white_323,-122.7025,37.9599777778
white_323,-122.7956471246,48.6481578123
white_323,-122.4278154338,37.791555991
white_323,-122.7695326,42.23907114
white_323,-122.5890007988,37.8681071199
white_323,-122.0676333333,37.0863833333
white_323,-122.2031829621,47.8899608337
white_323,-123.309495,38.5751883333
white_323,-123.32,38.5737333333
white_323,-122.13805947,37.04950916
white_323,-122.0462105423,47.5426680046
white_323,-123.9927138889,49.1681166667
white_323,-122.5020487033,37.9976094621
white_323,-122.192265,47.0962966667
white_323,-122.1922366667,47.0966483333
white_323,-122.1309805,37.0528805
white_323,-122.3421966667,37.4341983333
white_323,-122.2001583333,47.0970733333
white_323,-122.0428083333,37.0241666667
white_323,-122.65853324,38.481537912
white_323,-122.4873583333,38.0022138833
white_323,-123.6364883333,48.3246466667
white_323,-122.77742,49.2335616667
white_323,-122.4779802283,37.8036156109
white_323,-123.5098454823,38.7545149494
white_323,-123.508889855,38.7545864958
white_323,-122.1431957089,47.6037945851
white_323,-122.57610244,37.90814135
white_323,-123.2665633333,44.569755
white_323,-123.7297833333,39.2708866667
white_323,-122.3324883333,37.8058533333
white_323,-123.4833720793,38.7372798287
white_323,-123.4793783539,38.7350382144
white_323,-122.7602083333,38.5276416667
white_323,-122.0508721667,37.0473778333
white_323,-122.57695438,37.90942207
white_323,-123.5936583333,48.0321083333
white_323,-123.818524719,40.0663862954
white_323,-123.2989138889,38.5748444444
white_323,-123.2642325701,44.5896315398
white_323,-123.320045,48.8785050032
white_323,-123.248508,49.26521
white_323,-122.4862608,37.7663344
white_323,-122.4308,38.8740888889
white_323,-123.38169588,48.43697071
white_323,-123.3835133333,48.4278616667
white_323,-123.9634325914,45.7480237121
white_323,-122.2320466667,37.4990083333
white_323,-122.3107192665,47.6600763926
white_323,-122.1416333333,37.8394866667
white_323,-122.11121662,37.71672274
white_323,-123.7380833333,39.3181416667
white_323,-123.3100508785,48.4583209801
white_323,-122.4312865734,37.7035656135
white_323,-122.4269973859,37.7003242622
white_323,-122.4567866667,37.7917716667
white_323,-123.0048735348,38.538691001
white_323,-122.0866339633,37.3326169233
white_323,-122.1379,37.0498916667
white_323,-122.136575,37.0513278333
white_323,-122.6927444634,48.0899017917
white_323,-122.4348,37.775605
white_323,-122.2444181126,37.9876457199
white_323,-122.1125562635,37.7185859309
white_323,-123.2191467285,49.275604248
white_323,-122.7580665,37.997167
white_323,-122.5611666667,37.8537027778
white_323,-123.2973633333,38.57323
white_323,-123.5024805556,38.7829944444
white_323,-123.5038527778,38.7746194444
white_323,-123.9088944444,41.8506722222
white_323,-122.9526343806,44.8461836393
white_323,-123.2948694444,38.5477361111
white_323,-122.0446778333,37.0329888333
white_323,-123.1117839676,44.0731936033
white_323,-122.9911283333,49.2824216667
white_323,-123.1548227817,38.4700632248
white_323,-122.468825,37.7709116667
white_323,-73.943333,40.775293
white_323,-73.919205,40.795643
white_323,-73.9494056757,40.8166791622
white_323,-73.9259861111,40.6114416667
white_323,-73.9352722222,40.7448194444
white_323,-76.221475,39.0449055
white_323,-73.8783146628,40.8663637005
white_323,-74.00615555,40.9007033333
white_323,-74.9938756771,39.8290002078
white_323,-73.9343312876,40.8602232836
white_323,-73.4564906191,41.7807547047
white_323,-73.94413833,40.77474667
white_323,-73.94822833,40.76947
white_323,-73.96866667,40.77072167
white_323,-75.1975869109,40.068474873
white_323,-74.00652222,40.89994167
white_323,-74.00635555,40.90005
white_323,-76.6532839722,39.3543409722
white_323,-76.66786167,40.37896667
white_323,-75.1933861111,40.027625
white_323,-73.9889025996,40.9594031111
white_323,-74.4277333333,40.49422
white_323,-73.8638271603,41.0172035226
white_323,-75.3756648349,38.3336246871
white_323,-74.0064987274,40.900017507
white_323,-75.0126200169,39.230493645
white_323,-74.0374724973,40.8926378854
white_323,-75.2229923974,40.0247217634
white_323,-75.1652216166,39.953215194
white_323,-75.2304549515,39.9112977871
white_323,-74.0051591813,40.8639806863
white_323,-75.9051666667,40.3362027778
white_323,-74.0062093276,40.8647978453
white_323,-73.9681152997,40.6426239997
white_323,-73.9681152997,40.6426239997
white_323,-73.9681152997,40.6426239997
white_323,-73.9767533333,40.76672
white_323,-73.9903743769,40.9603784677
white_323,-73.9893271426,40.9601420233
white_323,-76.6635354958,41.7964355395
white_323,-73.5451527477,45.5659145963
white_323,-74.0276258103,40.902845006
white_323,-74.0314202826,40.9001960095
white_323,-73.5897436738,45.4278657797
white_323,-73.2209927236,44.476004388
white_323,-74.0689527453,40.9650110357
white_323,-73.9767272585,40.795127498
white_323,-74.0077179211,40.8916469251
white_323,-73.9820366595,40.9755181828
white_323,-74.0077213184,40.8902320265
white_323,-73.9419918135,40.7099953154
white_323,-73.9494735667,40.7249837584
white_323,-73.9894318926,40.9601675935
white_323,-73.9896930343,40.9599615649
white_323,-73.9889736512,40.9592802153
white_323,-73.9887842704,40.9595631925
white_323,-74.0032071388,40.9304684055
white_323,-74.0032583333,40.7596283333
white_323,-74.0006861117,40.762855
white_323,-73.9445994738,40.9247323716
white_323,-73.9823174836,40.9760626434
white_323,-73.9822312976,40.9755301781
white_323,-73.9705037466,40.8994481742
white_323,-73.9717616666,40.8991830748
white_323,-73.96154,40.6556366667
white_323,-73.9445465701,40.9245402814
white_323,-73.9673568784,40.7787687929
white_323,-73.9675073425,40.7789087906
white_323,-75.0655555556,42.4655555556
white_323,-73.9739138889,40.7766611111
white_323,-73.9727172852,40.7799072266
white_323,-75.1897384361,39.9479521016
white_323,-73.7742533333,40.7355633333
white_323,-73.9248194902,40.7951699324
white_323,-75.419428,40.337672
white_323,-75.18502963,40.04228154
white_323,-73.9496300172,40.7678832181
white_323,-73.9510230197,40.7946302546
white_323,-73.9713656903,40.7786626742
white_323,-73.9690783333,40.670895
white_323,-73.9594394039,40.8530475342
white_323,-74.0114292934,40.8737327864
white_323,-75.1775583333,39.89913
white_323,-74.0011717813,40.8663300196
white_323,-73.94908,40.7172966667
white_323,-73.6217914,43.4707368997
white_323,-74.0244190334,41.9355153049
white_323,-73.9881814857,40.7793436772
white_323,-73.9886345901,40.7786027016
white_323,-73.9894327263,40.9600161093
white_323,-73.9766466667,40.7663333333
white_323,-73.9543777778,41.8206916667
white_323,-73.9949510405,40.6551030742
white_323,-73.9668027818,40.9280423773
white_323,-75.1712084447,40.3400477553
white_323,-76.7351,37.2029416667
white_323,-89.8354283,31.2524566
white_323,-91.1158916667,30.3961416667
white_323,-94.1492056847,33.406725596
white_323,-91.4531355,31.42599
white_323,-87.42642847,30.31351832
white_323,-86.848372,34.988858
white_323,-86.848533,34.988633
white_323,-86.84765836,34.98858252
white_323,-86.8477315922,34.9886227493
white_323,-86.84768019,34.98860609
white_323,-88.7963359795,30.4170768592
white_323,-87.13903179,30.36592638
white_323,-89.4128671288,31.3419628085
white_323,-88.783611,33.271143
white_323,-91.82128777,33.59368726
white_323,-89.9244537354,34.346660614
white_323,-88.6382361111,30.3798361111
white_323,-88.6541593047,30.4517427333
white_323,-88.6555695534,30.4509119484
white_323,-88.1826414196,30.7030832631
white_323,-91.1236028333,30.3978116667
white_323,-88.923500172,30.4177918034
white_323,-89.74408,30.30527
white_323,-88.6551213,30.45092461
white_323,-88.652972598,30.4506437455
white_323,-89.97349374,29.8956111318
white_323,-87.5389716897,33.2204880902
white_323,-94.8428276181,29.9667614128
white_323,-87.8302472321,30.4196468618
white_323,-89.9739227295,29.895822525
white_323,-94.9506463133,29.42895367
white_323,-90.14217441,30.02226986
white_323,-94.8836645015,29.3893489951
white_323,-90.11713924,29.78372636
white_323,-90.11523617,29.78503119
white_323,-92.2863693237,29.9921016693
white_323,-88.652065,30.4519816667
white_323,-88.7874283333,30.3968766667
white_323,-88.7875566667,30.3968533333
white_323,-87.8287277778,30.247075
white_323,-88.7533722222,30.3995444444
white_323,-86.08878965,32.24981245
white_323,-88.7970366667,30.4165716667
white_323,-88.7970183333,30.4165933333
white_323,-89.6586429722,31.9558059722
white_323,-90.0435945,29.96101167
white_323,-87.54477,41.75938
white_323,-91.1604369145,30.4155958779
white_323,-94.4218152939,29.6678369501
white_323,-86.8524022,33.37810803
white_323,-91.2342897624,30.2831351574
white_323,-89.03039693,34.3504632958
white_323,-88.6347277778,30.3753138889
white_323,-89.9570083333,32.3513116667
white_323,-88.795654349,33.4532734886
white_323,-86.2379916667,36.5216966667
white_323,-93.3154722222,31.6738
white_323,-93.3046152815,31.6904816858
white_323,-90.9279779722,33.70568
white_323,-89.9265089722,34.346271
white_323,-92.217955,34.78371167
white_323,-86.9173175658,36.0515337766
white_323,-92.0598176045,32.5943805633
white_323,-87.3137902468,30.4561946802
white_323,-87.0338432863,33.0576667805
white_323,-87.0857388333,30.4610533333
white_323,-89.8020979017,33.7894418813
white_323,-87.8821955482,43.0659303204
white_323,-88.7962604687,30.4159371691
white_323,-93.3187471703,31.6997892426
white_323,-89.8761609091,30.0530711283
white_323,-89.1740148376,46.2365477839
white_323,-90.0835583333,29.9682533333
white_323,-87.60319494,30.274135
white_323,-87.650866,30.265253
white_323,-87.418448925,30.4260791399
white_323,-88.795175,30.39852
white_323,-88.40285,30.4129694444
white_323,-88.42774,30.44253095
white_323,-90.2210567091,29.9818402535
white_323,-86.7227111111,33.9594888889
white_323,-88.76434325,30.3609866944
white_323,-90.8970111319,32.3199249108
white_323,-89.4692116231,32.3539363348
white_323,-87.6856222222,31.0247361111
white_323,-88.7549977,30.3984452997
white_323,-94.9098818701,29.3788129927
white_323,-89.3451083333,30.3409883333
white_323,-90.0405416667,29.9269138889
white_323,-90.0408583333,29.9270305556
white_323,-88.7075944444,30.3753861111
white_323,-88.9343027778,30.5797555556
white_323,-88.4234866667,30.4510283333
white_323,-88.9209277778,30.3968361111
white_323,-90.1913383333,32.3023283333
white_323,-91.07719459,30.44730744
white_323,-88.6196666667,30.5707361111
white_323,-87.4048057012,30.3716068213
white_323,-90.2895587955,31.5646995321
white_323,-88.7101972222,30.3800916667
white_323,-88.7792361111,30.4102055556
white_323,-88.426197447,30.4438975955
white_323,-86.9771888889,30.6089833333
white_323,-88.75522,30.4005866667
white_323,-89.0717388333,30.391045
white_323,-88.7558640443,30.4003625348
white_323,-88.7875444444,30.3968222222
white_323,-87.2216359398,30.5509543141
white_323,-88.79614434,30.4175568998
white_323,-117.5558352,33.6323262
white_323,-118.0019283333,33.9882033333
white_323,-118.1492042542,34.2650802048
white_323,-118.1525623798,34.2605214161
white_323,-118.1515216827,34.2641683429
white_323,-117.2045669556,32.9067192078
white_323,-117.2455368042,33.0303764343
white_323,-117.3126188201,33.9758643369
white_323,-117.5137505464,33.9601076476
white_323,-117.49643287,33.87578197
white_323,-118.0618212783,34.0350795231
white_323,-120.8976283333,38.7429583333
white_323,-120.619456396,37.184547726
white_323,-117.3984263102,33.9778818719
white_323,-117.6430716667,33.6749666667
white_323,-117.64243333,33.940025
white_323,-117.64254667,33.93951667
white_323,-119.84211698,34.4117625
white_323,-118.1025009602,34.1946090794
white_323,-117.1934873889,32.7749351389
white_323,-117.1934153889,32.7752504722
white_323,-119.1620278446,34.1230726593
white_323,-117.6416333333,33.6694
white_323,-117.1812138611,32.6824688056
white_323,-117.1815672778,32.6825655833
white_323,-117.2817466667,33.1577805
white_323,-117.1637457886,32.9434492742
white_323,-120.8492050171,35.7687187195
white_323,-117.07785,32.8234516667
white_323,-117.0441805,32.84140833
white_323,-117.8906927452,36.7609075219
white_323,-117.6871187686,36.9790292413
white_323,-117.30820631,33.98411166
white_323,-120.8253762,35.33324909
white_323,-117.0608071776,32.8183449495
white_323,-117.0627445,32.83167
white_323,-120.23,34.5
white_323,-120.8668605274,35.3678054519
white_323,-117.82412614,34.04937116
white_323,-118.13279867,33.77280361
white_323,-119.79391005,34.41885328
white_323,-119.5913482457,34.4668102904
white_323,-118.0598361111,34.0382555556
white_323,-118.0967168604,34.1783536412
white_323,-118.1039416667,34.1906866667
white_323,-117.61867711,33.76145389
white_323,-117.6151949,33.76637617
white_323,-117.513646558,33.9721696345
white_323,-118.0570027,34.0353391
white_323,-118.3006359997,34.1218014
white_323,-117.7603888889,34.2467472222
white_323,-118.1034305,34.1946416667
white_323,-118.855255,34.2761116667
white_323,-118.1034083333,34.1920883333
white_323,-120.871012583,35.4064314552
white_323,-120.451921428,38.0914765555
white_323,-120.8922116667,35.2734333333
white_323,-117.1773639722,33.109377
white_323,-118.1678858411,34.1978120552
white_323,-117.0305555,33.3499866667
white_323,-118.1736109722,34.1948039722
white_323,-117.207655,33.104225
white_323,-117.0177305556,33.0168194444
white_323,-120.6319297,35.1286204
white_323,-120.635783,35.1285955
white_323,-118.294623,34.117519
white_323,-117.3536194444,33.2028777778
white_323,-117.2053916667,33.0829611667
white_323,-120.6323955,35.128681
white_323,-118.3841111111,33.8612805556
white_323,-120.6363779722,35.1284589722
white_323,-120.6366969722,35.1284449722
white_323,-120.650126,35.147728
white_323,-120.650126,35.147728
white_323,-117.034516409,33.0332041007
white_323,-119.1804966667,36.331045
white_323,-120.6966638889,38.2968805556
white_323,-118.0453945,33.70732833
white_323,-118.8296672702,36.2225807356
white_323,-117.1824466262,34.017663274
white_323,-117.173794,34.037807
white_323,-117.173794,34.037805
white_323,-118.927405,34.0460861667
white_323,-119.56123788,34.04797024
white_323,-119.5739966667,34.0406
white_323,-119.560575,34.0399816667
white_323,-117.4291583333,33.6181222222
white_323,-117.3987047375,33.5545250494
white_323,-117.2383333333,32.8802616667
white_323,-120.496795,45.4657833333
white_323,-117.03993212,32.8401859
white_323,-117.1219862625,34.01271161
white_323,-119.3894313809,50.0584015505
white_323,-119.5696277778,34.0450944444
white_323,-119.5739722222,34.0406666667
white_323,-117.0342416667,32.6355533333
