X,Y,Test or train,Raw prediction,Cumulative prediction,Cloglog prediction
-105.37034721,33.41654609,train,4.942991388458643E-5,14.453303316179852,0.2753836098323059
-104.209976,30.538725,train,5.832794335085502E-5,18.805045289187746,0.31620519752201215
-100.2703302778,25.5482902778,train,7.761652077348152E-5,25.553911169265188,0.3969725305267575
-103.83623,30.53633,train,6.0049788110139236E-5,19.58555066876636,0.3238348332716998
-99.90941,24.19105,train,1.4406804207528235E-4,40.63517317191041,0.6089139611600611
-100.002839,24.84393,train,1.355582436936656E-4,39.060543536617985,0.5866138370670262
-97.145159,32.678085,train,1.6177875497048574E-4,43.87132951963309,0.6515430465078835
-99.935503,25.043501,train,7.900997316214194E-5,25.95823108508111,0.40242354270870195
-97.1023971229,32.5833322826,train,1.5697320682439168E-4,43.048457599893965,0.6404582390145523
-95.37655,29.7616533333,train,3.9559023321202784E-4,87.41391431950163,0.924065681463709
-103.4264373779,25.5260658264,train,1.3150915294871286E-4,38.23107563080153,0.575560995146253
-100.1478675877,25.995800166,train,1.222056207817289E-4,36.23311288770486,0.5490324833801132
-97.9542087671,29.8958759057,train,2.0537876269246933E-4,51.013144210692154,0.7377252177602032
-95.15012091,30.06621054,train,4.7537952649638474E-4,93.97209740968431,0.9548532989385625
-95.2825,30.0286111111,train,4.5116499271224676E-4,92.52682922907503,0.9471365266628248
-100.1650856808,25.4238066048,train,5.021446461515207E-5,14.839038761851594,0.2790788078427918
-97.5490033333,30.5469833333,train,2.0405159549410673E-4,50.7249076600642,0.7354470810739998
-100.1588988304,25.686841932,train,9.645183182407802E-5,30.215816799114506,0.4666268031134324
-103.2683515549,25.0519740049,train,1.1088296435212262E-4,33.38281412790906,0.51449962772163
-100.6162261963,26.5459363517,train,1.1189685771572684E-4,33.69663108608044,0.517696800921418
-102.0852838085,32.0376848057,train,7.307026695451552E-5,24.153849364379095,0.37884001393731725
-100.8250133333,25.3958933333,train,1.1183578722860445E-4,33.677029709117186,0.517504820833561
-103.4121930599,25.2448124013,train,1.0770035649034374E-4,32.68560575668788,0.5043253806975183
-98.722595,34.729205,train,5.775450025635362E-5,18.571299066429862,0.3136451615603676
-97.1730111111,26.1385138889,train,1.251047031626773E-4,36.94673772908057,0.5574722057487336
-100.3525009155,25.6041660309,train,1.0111144880843851E-4,31.17438051949627,0.48257908177414033
-102.257995,31.9317866667,train,7.66425718898766E-5,25.16979901177929,0.3931330681498497
-106.8836451292,32.3340334997,train,4.5691508548336255E-5,12.503895882841297,0.2575140621818669
-106.8186275238,32.4110426039,train,4.501471849322999E-5,12.22119200118595,0.25423221401074536
-100.423324585,25.7860145569,train,9.52041069277914E-5,29.89011543879524,0.4622723355517965
-97.1618469327,30.050475919,train,2.146165745597625E-4,53.15007067421131,0.7530479944635176
-97.1472093557,33.2092124736,train,1.3356615599279336E-4,38.680907925532416,0.5812124588764687
-100.994884707,29.8928428229,train,1.0941271650430339E-4,33.015449205929066,0.5098257160886713
-97.9565716667,26.1264028333,train,1.2886582266764392E-4,37.74213360287318,0.5681865257497738
-97.8182151541,32.249666801,train,1.2710479249638347E-4,37.34000142995687,0.5632025541558291
-97.7942443926,27.5686113639,train,1.5490877469051217E-4,42.664329553988075,0.635588645110255
-101.0623251092,28.76470719,train,8.301430198642796E-5,27.035800251511695,0.4178152727370772
-97.120464259,32.9164550823,train,1.5656288995697913E-4,42.991752502944564,0.6394955906008688
-101.5426462786,30.1166491918,train,8.571211355310828E-5,27.677757244944097,0.42796089542310634
-106.50043364,28.8218094,train,3.134703528966924E-5,7.119639799125542,0.18476165542702971
-106.4812240601,28.7781581879,train,3.307946453620215E-5,7.642676460035037,0.1939135112943936
-101.7936483333,30.474755,train,7.86199052354516E-5,25.865255786057546,0.4009026308599505
-104.1624816667,30.6395933333,train,5.6538837697442784E-5,17.962643923240805,0.3081863092921523
-98.4766083333,29.46112,train,2.2096719809304804E-4,54.4293298469877,0.7630593224504885
-100.5322766667,25.8046966667,train,1.0857569442412895E-4,32.8600591799689,0.5071447541721988
-106.5994416,32.3356486,train,5.0807101508044066E-5,15.153827129562723,0.2818576019683663
-97.79009128,30.4065262005,train,2.191971576919261E-4,54.06845508765449,0.7603104907444327
-100.0954587465,25.6337545233,train,6.424991473558769E-5,21.1555557162589,0.3420907469069213
-103.67141667,30.35511333,train,6.293264600656644E-5,20.69680963217544,0.336418907142758
-100.9963493194,25.3272564257,train,9.633243732943905E-5,30.18603571464399,0.4662116553635569
-98.7082589722,29.4995259722,train,2.1243571126089103E-4,52.75039446329912,0.7495133239995903
-98.5755781085,29.2571252631,train,1.9308582967615827E-4,48.760293665932814,0.7158505456477253
-100.2530822105,25.8483736468,train,1.0340771821317251E-4,31.671130612342985,0.49026400919754254
-97.8095333333,30.688445,train,2.0191088400272193E-4,50.36119513949787,0.7317306876987009
-106.1402316667,39.4085466667,train,7.258754147243262E-5,23.99706831842765,0.37688294918107046
-97.3299769477,27.6690455969,train,1.5372530900757252E-4,42.4688968267165,0.6327673952470023
-97.720808806,30.6643052353,train,2.1657512982039314E-4,53.45316731490533,0.7561798239946127
-100.6115880863,25.3434329141,train,1.0888358175795319E-4,32.91679439788951,0.5081326106247712
-97.84079667,30.99171333,train,1.5137701498105777E-4,42.15943887088109,0.6271044919957143
-97.8090277778,30.1522333333,train,2.125230334475205E-4,52.765518269598154,0.7496558204056141
-99.24289667,30.07134167,train,1.487434068189611E-4,41.688510100481516,0.6206496060416917
-100.97504425,25.3595504722,train,1.326219496619409E-4,38.458724373504836,0.5786277258847596
-101.1057361667,25.5235416667,train,1.4639174720811757E-4,41.12773610709008,0.6147913923454056
-96.5009656,32.6134974,train,1.791355588550406E-4,46.85745653508755,0.6888086205724753
-97.3863075861,28.6515801167,train,1.8383906163125277E-4,47.57014190271157,0.6982021434548744
-97.769211866,30.2646029775,train,2.1759187854140873E-4,53.69131550927443,0.7577899636840689
-106.174323,28.726462,train,4.006785354736513E-5,9.870254125221399,0.2297995518145105
-98.6763916014,25.7284431456,train,1.7388086345541815E-4,45.935866266495175,0.6779680976966039
-101.3588867186,26.8884105681,train,1.3452338781602593E-4,38.86876934151218,0.5838166646100549
-97.655097735,30.3615216973,train,2.1729735737629306E-4,53.6063426889311,0.7573246522625876
-97.67463,35.52373,train,5.224102977165203E-5,15.822043296326765,0.28853686778339926
-96.3218916667,30.62975,train,2.73389548561106E-4,64.7003539034349,0.8316245112346127
-97.7644120117,27.2876618205,train,1.2334003861528924E-4,36.45666891253041,0.5523539682042311
-100.3378745,29.86302088,train,1.2390622786920253E-4,36.605771576741425,0.5540025619910219
-104.1490416667,30.6671483333,train,5.6997996311058675E-5,18.206701356849884,0.3102532144795549
-99.00196889,29.6704173,train,1.6711902739285502E-4,44.63782671176651,0.6634608421658772
-97.838712344,29.8282139143,train,2.0924384938764278E-4,52.00681030915106,0.7442486505522388
-98.49802018,29.31068696,train,1.9155282831694498E-4,48.54174205406041,0.7129976972850691
-98.3666000366,26.1799201965,train,1.4322732315294372E-4,40.49177295251159,0.6067654798597544
-106.1794497292,35.8188246397,train,4.6957303993779664E-5,13.122991949159697,0.26361336315390616
-98.6222828868,29.5677855453,train,2.2457028202296696E-4,55.18297420856893,0.7685578153216668
-99.120635,30.01166,train,1.6064431468922473E-4,43.62443627956256,0.6489574824957164
-98.5233166667,29.743775,train,2.1516890500591766E-4,53.26373156371695,0.7539352494267907
-98.2297067317,26.1773826519,train,1.5268180644986327E-4,42.33421370927351,0.6302616873758868
-99.1410613325,28.8332222118,train,1.4065982868680154E-4,40.07637184786115,0.6001308363073876
-99.3235141039,30.6582319692,train,1.284769851809897E-4,37.65876172917847,0.567090973998543
-101.6759799722,34.979562,train,3.8740106500387744E-5,9.417633040732182,0.22310660249790992
-102.4789416667,31.7561716667,train,7.022120651291277E-5,23.24763563890066,0.3671997941540559
-100.3680473389,25.3594953869,train,1.1847014255471262E-4,35.224088935049835,0.5379201227032177
-98.06105,29.6531916667,train,2.2445420110287918E-4,55.15843518864815,0.7683826751095085
-105.9062116667,35.67447,train,4.7760811128756E-5,13.50871116910559,0.26745908054550294
-106.5910142997,32.3057799997,train,5.23318213502512E-5,15.864367324842561,0.28895767941670647
-99.8652119722,25.1730419722,train,5.1699618954785294E-5,15.55174977580788,0.2860222967008207
-98.1577611667,29.962775,train,2.2869533182551426E-4,55.982959090669965,0.7746963663252878
-99.7202744983,24.8919427576,train,8.018301903347891E-5,26.25924104174118,0.4069741341854105
-96.6398783333,28.9637416667,train,2.2906601783305428E-4,56.043048500053146,0.77523995223752
-99.3088833333,27.1482528333,train,1.621925558145348E-4,44.007050198605704,0.6524814148073694
-97.1608276367,31.6015949249,train,1.9958970636638657E-4,49.74557453581699,0.7276419773952103
-99.5388600143,24.7963944443,train,8.671558933506402E-5,27.921993147403537,0.4316893740273219
-100.069825,29.6504633333,train,1.5064363286616038E-4,42.05821428630797,0.6253181118122477
-100.3264598,26.0529673,train,1.092647741400447E-4,32.98703773203065,0.509352923478822
-100.1799557,29.2432153,train,1.489940803732442E-4,41.760937855887306,0.6212687799241322
-105.5594935944,28.2389721272,train,6.288476060282507E-5,20.676346229249475,0.3362118056841845
-104.835005,31.9914083333,train,5.565888828295618E-5,17.494162425566728,0.3042078871150006
-100.0767277778,29.9329416667,train,1.3381848120722062E-4,38.7425171810975,0.5819005019672152
-106.3140716667,34.971225,train,5.4343719065109706E-5,16.936752893881312,0.2982190605224939
-100.5096932128,25.2542614649,train,1.1398716644119663E-4,34.22073778562124,0.5242220076536259
-97.2202092112,27.6269954644,train,1.382549191561843E-4,39.616818650383166,0.5938148320510931
-103.6173885997,24.2134149,train,6.404655175576643E-5,21.086240410727125,0.3412182901086861
-98.4478138889,29.585325,train,2.3098380301378517E-4,56.3846064766538,0.7780313798630656
-100.1278813503,24.6891936922,train,1.456334276537582E-4,40.957983683288774,0.6128831216521449
-105.1106938789,36.7791469562,train,4.347589468989078E-5,11.45271558903984,0.24671615657782675
-104.06375,30.2041083333,train,5.167385270747753E-5,15.538548959154205,0.2859024046138515
-97.3763055556,27.114175,train,1.1883058810002193E-4,35.31195516239277,0.5390042118780505
-97.68335226,26.2074075127,train,1.2195418943617246E-4,36.16715817549224,0.5482929823967229
-105.4937144077,28.2630850724,train,6.08261973427891E-5,19.87100197590166,0.3272472615093259
-105.7301549056,35.5587619404,train,4.1966586381409016E-5,10.685934154009606,0.23927068251466843
-106.5456394851,34.3586114981,train,4.883859217542241E-5,14.078616340896245,0.2725859994229419
-98.1621002027,26.3024881398,train,1.3677489544156287E-4,39.320702874168155,0.5898783618501207
-80.1809970333,32.5673344534,train,2.11381779202565E-4,52.44745311674549,0.7477870580429244
-77.9618725791,44.8582660087,train,8.422548710507383E-5,27.362359569106218,0.4223922294989868
-77.3713766667,38.7798883333,train,2.5557336303171004E-4,61.05878595795055,0.8108960740203597
-77.8474731445,38.9550170898,train,2.2232196605677422E-4,54.68967848138583,0.7651419284996174
-77.295525,36.613275,train,3.0988278624504106E-4,72.19647785288711,0.867260806480931
-80.0511583333,43.3287833333,train,1.2774424094232003E-4,37.501651722521075,0.5650189032685085
-78.7221712557,42.8871978014,train,1.407841702627544E-4,40.0996059914556,0.6004547106783293
-78.9517940675,35.9232013068,train,3.706857256602214E-4,83.8282941568863,0.9106858084767627
-77.5475989201,37.6730394226,train,3.4653096186162713E-4,79.98868651406676,0.8954603626173707
-79.4944458008,39.8708343506,train,2.1119769361877485E-4,52.41386005235545,0.7474843207643558
-80.274941,38.197902,train,4.627883807411497E-4,93.45546320991522,0.9509927553289784
-78.8965810463,40.0519442318,train,2.1054605978590766E-4,52.294945920919794,0.7464097559018403
-79.1131026205,36.0683016898,train,3.9007191886336785E-4,86.76374484266951,0.9212853608523486
-80.1170041574,26.3891391333,train,2.6606579263543353E-4,63.347272783493196,0.8233938318266516
-78.7085384319,46.3164081178,train,4.9756723091770227E-5,14.61398264128407,0.2769251622795271
-77.2113306348,40.0701067504,train,2.3327961064368438E-4,56.830011547204855,0.7813274821278151
-79.8391990644,36.0899850447,train,3.3752850529884034E-4,78.09394120418655,0.8891440809744477
-78.020416647,44.6247868416,train,9.17740263943659E-5,29.006219951842603,0.4501175382550001
-79.5009795484,39.8645310989,train,2.0951662104615572E-4,52.06991672528969,0.7447028530182004
-79.6683883333,38.625805,train,3.6585455326497597E-4,82.92506179420607,0.9078292340558135
-79.7958771,39.5092422,train,2.4032304385206938E-4,58.00882154345181,0.7911374625028987
-79.5126037598,40.7222709656,train,1.386737290929307E-4,39.70453038982666,0.5949218808713937
-77.1822485146,40.7728009201,train,1.810272209241085E-4,47.17904395024304,0.692621168400363
-80.36328,38.47015,train,3.502788088399932E-4,80.62112108246741,0.8979826145998316
-77.19867,43.2072533333,train,1.1730988011228649E-4,34.950886137550135,0.5344131337654108
-77.5829,37.2679777778,train,3.743014874465143E-4,84.48990568365815,0.9127656587616803
-77.1890893305,37.3359612617,train,3.8142418859242623E-4,85.5729537173556,0.9167221520680738
-80.771675,35.211345,train,3.806585765974847E-4,85.40558135421699,0.9163056278164448
-80.543845,38.0198478,train,3.680469629296642E-4,83.39018336685179,0.9091367122719279
-80.13813313,40.79068602,train,1.3208898784354306E-4,38.34865775478969,0.5771617234925461
-77.7408370972,44.7704238892,train,8.386500852277077E-5,27.29578118609019,0.4210337880384193
-80.2293916667,35.00400555,train,2.9936904103272996E-4,70.04759762258442,0.8578476061362875
-80.685971108,32.4321776675,train,2.0162276081475713E-4,50.2638056840775,0.7312265197659678
-79.0231695,41.8428116667,train,1.29003101957389E-4,37.769431706018445,0.5685726483383992
-80.4957233333,41.6384383333,train,1.0665366792815191E-4,32.42857700729043,0.5009329236332998
-79.82495,41.3306783333,train,1.246755688532174E-4,36.83383914361736,0.5562329543474829
-80.6087097633,37.2634323948,train,2.2502270796120603E-4,55.27833041269626,0.7692391620976796
-80.0800778333,34.9231833333,train,2.6682499452217423E-4,63.512953632531485,0.8242654123513016
-79.9004974365,40.4319114685,train,1.619081093461188E-4,43.9137558799015,0.651836652873776
-77.172005,40.2401383333,train,2.1212962720850646E-4,52.64413428996762,0.749013201068547
-80.2235716667,40.50763,train,1.4254096666536874E-4,40.39134885247396,0.6050027278862926
-78.2715866667,44.5688583333,train,9.704216911308178E-5,30.333869671310485,0.4686747304934137
-78.8801883333,46.29852,train,4.5430530023117074E-5,12.395997014612595,0.2562502556527999
-79.6107180231,41.8607259728,train,1.4323618789278622E-4,40.4930699949915,0.6067881954133144
-77.1914331523,44.9018229453,train,7.351865589786737E-5,24.287631279344403,0.38065236474497954
-79.979195,43.6952583333,train,1.0661890844991341E-4,32.41733098043469,0.5008198660767532
-80.504185,25.435234,train,1.3764944992187154E-4,39.491088874356954,0.592209032130214
-80.556543445,45.9243263627,train,9.185182575340561E-5,29.02664617897146,0.4503962492106044
-79.90503667,39.50715,train,2.081151417674897E-4,51.682491339583414,0.7423605905626207
-80.0654911,42.0421547,train,1.3192778634435695E-4,38.3153666196,0.5767173074399274
-79.26584667,40.16480283,train,2.312542659395694E-4,56.44130066611657,0.7784222521678338
-77.6429936662,37.4962756781,train,3.69015006852667E-4,83.55909058078257,0.9097081022721846
-79.9590613997,40.5888808997,train,1.5193807583395333E-4,42.23687892648231,0.6284653777542146
-77.1344416667,35.0294694444,train,3.065380100927683E-4,71.27310974820085,0.8643358049202543
-77.5538096298,38.8023071783,train,2.4407564569567484E-4,58.78267337721669,0.7961830526356308
-80.2078526892,41.1252156954,train,1.0928561298171692E-4,32.990877760812616,0.509419547607359
-78.9440283611,44.7857427222,train,1.055507798948632E-4,32.13863058673667,0.497333191684991
-80.4412,40.51049667,train,1.393374864989663E-4,39.83246078041888,0.5966702272979177
-79.0639288679,37.7174831864,train,3.6092265103771426E-4,82.07516326742694,0.904818839048012
-78.671902284,44.993593946,train,1.1265320826834313E-4,33.861242650436516,0.5200681291627423
-77.3630181558,37.6506471624,train,3.652677330382339E-4,82.70404644883263,0.9074760938579516
-77.2701667,38.7891713,train,2.761384321065396E-4,65.2126804527106,0.8346138108186466
-78.4789239,38.0490553,train,2.7277249842176253E-4,64.51184258087186,0.8309461031517575
-80.0154082105,45.2629829313,train,9.599704290885908E-5,30.10237683572804,0.465043722588246
-80.39784461,43.46532533,train,1.0250804331081205E-4,31.532469215725897,0.48726676000401425
-79.3034344548,41.2774096635,train,1.4446798530384083E-4,40.7042812226423,0.6099319032725077
-79.0528894589,35.9921459388,train,3.8740137853807285E-4,86.52787081858763,0.91990352224358
-77.1174159808,39.1045026667,train,2.5999209216317045E-4,62.017698297312876,0.8162636528839398
-80.9052243457,37.7590331482,train,2.529409542696459E-4,60.591579356701665,0.8076241558531426
-77.3986093997,38.6205822,train,2.794679005210937E-4,65.86743640441487,0.8381634934368275
-79.6830555556,44.4352777778,train,9.430244378865484E-5,29.653869677426428,0.4591034871727955
-80.0034663454,41.0085885427,train,1.1381566905894022E-4,34.156681977039085,0.5236899939932442
-77.6189183333,45.886945,train,5.516907595313073E-5,17.29057051498971,0.301983446849297
-80.471169,39.100655,train,2.6030303106054544E-4,62.12505873792357,0.8166355719563819
-78.3312694444,38.5580166667,train,2.7665563440657236E-4,65.30459631260688,0.8351702865944461
-79.3831843883,43.6535476776,train,1.4661185174594572E-4,41.176002483401994,0.615343510205108
-79.6580199722,36.1752449722,train,3.5038715132659564E-4,80.63811373045895,0.8980546154998381
-78.8765182495,38.0836677551,train,2.607288291811876E-4,62.272077570978134,0.8171436549745686
-78.9251294,33.6519891,train,2.085857664290766E-4,51.79950477802538,0.7431495222983522
-78.6322257,33.831148,train,2.605622424381605E-4,62.21455879065739,0.8169450434427691
-80.8071833333,45.9189388889,train,8.696674321747021E-5,27.983250172338177,0.43261874384345655
-79.993445,43.5363966667,train,1.2097130886460042E-4,35.918706612321515,0.5453905146875055
-80.5254216667,41.70237,train,1.1377651966763346E-4,34.14205932867758,0.523568462633432
-77.8026362323,38.7815643568,train,2.576826884135312E-4,61.51787118778475,0.8134776266022793
-77.6013970497,39.0216473939,train,2.1326678059637908E-4,52.893902653822174,0.7508662207398682
-79.5240707,37.5078398,train,3.209970813407022E-4,74.75305758786627,0.8765348033511068
-78.404090326,37.3092851381,train,3.751372109021465E-4,84.68020464786255,0.9132394491650865
-80.4656180396,36.4832327202,train,4.272107494953787E-4,90.32416577754607,0.9382056571256824
-77.1348930272,40.2413934676,train,2.142402050110965E-4,53.07261976057436,0.7524415682501303
-77.1339453,38.7257967,train,2.8072625556668123E-4,66.05573516939417,0.8394851496649207
-78.92265,40.4951916667,train,2.1832712756730596E-4,53.87412145600239,0.7589476871353492
-78.0363168195,38.1068588011,train,2.7658719409332725E-4,65.29146211459951,0.8350967569305305
-77.7811670302,38.4770277499,train,2.9275907164976877E-4,68.64500044304168,0.851590710778978
-77.5361532184,37.5935689838,train,3.680831823324158E-4,83.39691020001402,0.9091581558236059
-77.99262155,40.83829297,train,1.5979147266729498E-4,43.4758833989228,0.6470010992931945
-77.7711130679,45.0527145399,train,7.289299095065078E-5,24.09625825308006,0.37812201708142223
-79.3308666667,43.626775,train,1.5620593499041455E-4,42.91768464148485,0.6386560388792822
-77.326087146,39.0569822318,train,2.4830738420748383E-4,59.603831889241036,0.8017267942957249
-80.3166250164,45.4366624498,train,9.897992137083232E-5,30.720492858466315,0.4753418436403478
-79.0975715169,33.5205663236,train,2.4797940881383755E-4,59.5392892056461,0.8013025776418626
-80.732188055,37.679588055,train,2.5300983675182777E-4,60.60018067170601,0.8077104895020786
-77.4640207972,38.906454269,train,2.5078837656011837E-4,60.11191410677785,0.8049066080834054
-79.1245168447,39.5484142402,train,2.0114042796311765E-4,50.157760679027426,0.7303803954009301
-78.0378124476,45.966751033,train,5.8062053455913714E-5,18.695827726894834,0.3150193682437974
-78.3145867009,39.6220169077,train,1.7873020923279975E-4,46.79687890178855,0.6879855268561608
-77.5732116667,45.6602833333,train,6.173429485109661E-5,20.19864142190756,0.3312166337202349
-79.1312578197,44.6854190141,train,1.055601087653726E-4,32.14055658146518,0.4973637489381235
-80.805606097,35.03370781,train,3.5871083333478967E-4,81.72877569719893,0.903437016854834
-79.7573416667,45.6879944444,train,8.284707297914535E-5,26.9833044159422,0.41718048676950636
-78.6068716667,39.01221945,train,1.9269471851509576E-4,48.70453332945284,0.7151254107024718
-78.5615383333,36.00245555,train,3.511866207025831E-4,80.76538982229343,0.8985843482692853
-80.2299015831,25.9533857519,train,2.2063614151859016E-4,54.365449944248056,0.7625476068843176
-79.9837386981,45.1755856164,train,1.0244281354959066E-4,31.522415751115258,0.487048764364132
-77.8493494168,40.5651402714,train,1.7304312537039408E-4,45.77024670401109,0.6762052638580915
-80.7625335082,33.8034885468,train,3.0015995827058147E-4,70.18345527333706,0.8585783829315455
-80.9973216667,38.1310833333,train,2.6250592740863405E-4,62.559417932942154,0.8192490202055674
-79.6672503047,43.5592655525,train,1.1361813893589956E-4,34.08290270656728,0.523076485155392
-80.5306434631,40.0888643419,train,1.559286863974978E-4,42.86015578688535,0.6380026063199785
-78.585455,35.8891716667,train,3.3975923053725847E-4,78.58236475101614,0.8907438984509851
-79.3586666667,43.7343466667,train,1.1473793274543162E-4,34.40934878939925,0.526544024786417
-116.8547755481,34.1736044968,train,2.31760930713902E-5,4.362460138653039,0.14017667383053678
-116.9120583333,33.3488222222,train,4.698783901001877E-5,13.139634810335844,0.2637598771402413
-116.5373111111,32.8080666667,train,4.683435480335766E-5,13.055979497229435,0.26302312972625996
-116.6554284096,33.8048263635,train,6.015519737083272E-5,19.62641390003754,0.3242991353725633
-116.8714418729,34.158662539,train,2.846831654241843E-5,6.214107433740715,0.1693239773847629
-116.8283173804,33.8311701122,train,3.914432893860233E-5,9.558686481957247,0.22515035459718813
-116.5983416667,33.1260416667,train,3.5910750341636324E-5,8.507407348918818,0.20864963755095356
-116.4070706777,51.6739634868,train,7.732329725824756E-5,25.444590555092464,0.3958191592729011
-116.2419323648,34.0797610177,train,6.045006703877252E-5,19.740723851142487,0.32559627170719274
-116.78882,34.17315,train,2.5867995559515338E-5,5.265765653125531,0.1551281189274787
-116.6757083333,33.2481638889,train,4.0687218512389686E-5,10.135933929820622,0.2329019140263382
-116.655416402,33.987739302,train,8.740934840305126E-5,28.08287137974088,0.434252862400447
-116.440143,32.865746,train,4.941782113658392E-5,14.445996254526706,0.2753265055724947
-116.4296716667,33.278395,train,7.016009542314979E-5,23.22690418239618,0.3669477414523248
-116.9072716667,33.33265,train,5.363174778189485E-5,16.5376951660779,0.294955511426905
-116.01151945,31.75947,train,6.747331864508198E-5,22.2452444041549,0.35576632393260965
-116.3992916667,33.6431166667,train,5.175320593629548E-5,15.579203984000884,0.2862715760811051
-116.8254591997,33.8502495997,train,6.053712442116315E-5,19.77180188065862,0.3259787621790322
-110.265558,31.347569,train,3.909560798913997E-5,9.543556397685848,0.22490430629938085
-110.87448089,31.71192985,train,4.253574244095755E-5,10.963889796960467,0.2420869546580966
-110.7005106658,32.409088224,train,5.119649275935824E-5,15.332754287826225,0.2836775714408538
-112.1237182617,33.867564894,train,7.788955786547773E-5,25.655570655355156,0.3980445203925159
-109.2606416667,31.7619333333,train,3.6594879937061714E-5,8.72932697930123,0.21216975944950156
-110.2999722222,24.1961444444,train,9.969104049938379E-5,30.858267722421118,0.477767510451508
-115.6913813018,36.3175074058,train,6.004403493808833E-5,19.58332037895584,0.3238094827713496
-115.061850249,44.1813488343,train,4.346690176224518E-5,11.448135891519959,0.24667201064317867
-109.293001,31.939835,train,3.47708326521546E-5,8.140644896072766,0.20274933095592418
-107.977349013,32.5902337132,train,4.046649033545698E-5,10.031286751762554,0.23179773550879612
-111.4114566,34.7423845,train,3.293015500418038E-5,7.593972541156946,0.19312882022021782
-110.1897610949,30.4302523299,train,2.884785668540683E-5,6.339550485550183,0.1713759458002776
-110.848776,34.221726,train,3.673245151275676E-5,8.77281071172066,0.21287572732731486
-111.015265,34.346906,train,3.268279393510069E-5,7.513284769392322,0.1918271413139785
-111.5549959841,40.6062468333,train,8.480658706158126E-5,27.469685489075644,0.4245753619296584
-110.9535435587,29.0215060434,train,6.293313923244335E-5,20.697020407882945,0.3364210399784391
-110.6964333333,31.41698,train,3.418705680744141E-5,7.9646253436455705,0.19971064661916893
-115.7848587036,51.0613441467,train,7.368088951287987E-5,24.32587717698094,0.381306795979495
-115.1408444209,30.23746273,train,9.985708170313408E-5,30.889123227091,0.4783322693246155
-107.8137333549,32.9082361523,train,3.630902656137993E-5,8.636601162586018,0.21070083732821498
-110.3570254,31.467042,train,3.4238017576666197E-5,7.97867268601187,0.1999763696164676
-110.8853167402,40.7033143089,train,8.990832397457195E-5,28.620514668667475,0.44339128487380497
-108.7792572726,28.6376240458,train,1.7225394655916805E-5,1.580757561669711,0.1061794727865999
-111.3905706667,28.3045506667,train,1.04121413232712E-4,31.80110633806363,0.4926292027092305
-115.6256930811,36.3094646344,train,5.5986692692138325E-5,17.662435012505917,0.30569262145406084
-115.4640805556,31.0171555556,train,6.631358407238803E-5,21.866220506707492,0.3508790983614031
-115.8717633333,36.2967616667,train,6.596299566711801E-5,21.751022556670108,0.3493944022311941
-112.9468527778,37.2932083333,train,5.1866368503086675E-5,15.63718054063432,0.28679770709124797
-109.507775,38.74158667,train,4.51570161702877E-5,12.282915654664064,0.25492343724172206
-107.1314916667,34.0128277833,train,4.078468572203707E-5,10.182143111559581,0.2333889822047538
-109.1201018054,33.9190040431,train,3.5004904524276117E-5,8.212981606998314,0.20396448455556349
-108.8732705805,31.5171520442,train,3.829270862234739E-5,9.248537857111362,0.22083826937559214
-107.869666,32.876178,train,3.4498268954358446E-5,8.056412812834486,0.2013320142945263
-115.4661111111,30.9959472222,train,4.187247569881294E-5,10.63772025121872,0.2388040011124818
-115.5474701529,30.763924649,train,8.999064851225663E-5,28.638016968248866,0.443689810111481
-108.2664978141,33.2276844514,train,3.278230111040704E-5,7.545743443184174,0.1923510264754853
-111.0165638889,32.5159972222,train,7.288420219878707E-5,24.09340307823559,0.3780863996120535
-112.4110194444,34.5878805556,train,4.005932078157684E-5,9.866908924885042,0.22975672419802107
-107.812488,29.636884,train,3.681412506381283E-5,8.79783874463556,0.21329454732966924
-108.8087937796,33.3734694905,train,3.589682328558141E-5,8.502889656433814,0.2085778141318696
-107.952648215,30.377077764,train,4.7683071090795025E-5,13.472883126869831,0.26708788317844623
-113.5315875643,37.6535635361,train,4.405255414091854E-5,11.71596721038171,0.2495415605904886
-121.9161916667,37.881655,train,3.850710211949532E-5,9.329147740778426,0.2219260820582063
-121.8910133333,36.40487,train,3.66687896236607E-5,8.753301984097696,0.21254911606712767
-124.1691932678,40.1350486622,train,6.717084894667825E-6,0.003206719164205655,0.042828091202767316
-124.0734488494,40.8774627317,train,2.559443135808275E-5,5.161957207598776,0.15362062516071784
-124.8429063752,48.6708625931,train,9.726512022384464E-6,0.022200607985704876,0.06141642559472282
-81.5757635,41.1399175,train,1.3228938690822145E-4,38.390043922956735,0.5777135526938553
-81.4192248,41.3172184,train,1.377195979001162E-4,39.504755528297395,0.5923954003000134
-82.6028216667,29.6812966667,train,1.3127683141643984E-4,38.187364254665766,0.5749179347285875
-83.4192120065,40.1099800844,train,1.0454788418067056E-4,31.91254142913197,0.49403729077623204
-81.5825260431,35.9956940404,train,4.77458321296429E-4,94.1261588780681,0.9554607588165313
-82.141333,41.29717,train,1.1668181035498444E-4,34.76483686229994,0.5325036503266759
-83.9754617,35.3736955,train,3.996776411489034E-4,87.78533935953178,0.9260615561204047
-83.1793216667,38.7290633333,train,2.1852397909446513E-4,53.91911465168111,0.7592567094237778
-84.9193952233,35.1988845086,train,3.421900405192263E-4,79.0211473414519,0.8924609358969027
-81.8307283333,41.36583,train,1.4502614092556698E-4,40.81501529090049,0.6113481026300633
-85.0018431396,44.8836201786,train,4.079205863492005E-5,10.185638607866368,0.23342581392172157
-85.3643145227,35.0115203066,train,3.831792609026382E-4,86.02464332697686,0.9176691773957637
-83.72357877,34.71743694,train,7.058142209829754E-4,99.10742950489691,0.9899429261707684
-83.6294555664,37.7251167297,train,2.3398454353700375E-4,57.00442542838169,0.7823297021734564
-85.0268388333,34.92758,train,3.5181356881294637E-4,80.94458404891508,0.8989978410769638
-81.80704283,36.03201428,train,4.4185419432898605E-4,91.58217954580675,0.9438297661803381
-85.95970241,31.80291214,train,2.991026173412732E-4,70.00181178725362,0.8576005917112591
-83.6121888889,35.0759916667,train,8.045677382730046E-4,99.80801953740767,0.9947156835852574
-81.055725,37.8559333333,train,2.5422248459373473E-4,60.75165587721067,0.809224028795599
-82.042379,39.5722191,train,1.6509867221611992E-4,44.367831304771556,0.6590007522703204
-83.7323305556,35.6311027778,train,4.143887321554037E-4,89.44878946476652,0.9328205608546476
-84.7176283333,36.1024195,train,3.811668390362355E-4,85.50501092447152,0.9165823751791873
-81.3920879458,33.917814754,train,3.5300787727375415E-4,81.07497246515868,0.899780867633303
-84.5721661672,33.8540928601,train,3.619961447244125E-4,82.19498483063118,0.9054823537748677
-82.344445,34.8849666667,train,5.910733432012268E-4,97.90544585155385,0.9787577570715691
-83.4961775,35.5567985556,train,6.09681177603813E-4,98.36299053046393,0.9811835259514992
-83.53975,35.4599722222,train,4.002999516670724E-4,87.8456752524748,0.9263607931821124
-81.3813333333,44.4904466667,train,1.3332082023794989E-4,38.621005258834145,0.5805423890729793
-82.3241716725,29.6212204954,train,2.021130876563904E-4,50.42956250364741,0.7320839458045061
-81.6047354043,36.3552586564,train,4.236042845117214E-4,90.11982733938837,0.9367361827791575
-83.5699996948,39.6522216797,train,1.485922927408104E-4,41.64484374714987,0.6202758591787751
-81.4853372053,35.8519977937,train,5.023961495332005E-4,95.73950214758219,0.9621412612869102
-85.4161298921,40.1991761379,train,1.105668568518163E-4,33.290068480873565,0.513498498837007
-84.9320449829,36.4921150208,train,3.594368956848023E-4,81.85642072076118,0.9038928184265409
-81.6867089583,28.6112419983,train,2.4345747475226713E-4,58.660457591920505,0.7953603513861859
-81.3036100008,41.6061407095,train,1.4812014164650747E-4,41.50840962557721,0.6191057248053693
-83.5470138118,40.95094366,train,9.471745727458682E-5,29.751880723815955,0.46056434346681185
-82.3612659271,36.395496234,train,2.428580124347411E-4,58.544774834964755,0.7945593773193611
-81.6728666667,36.2091633333,train,4.0271959360050925E-4,88.10670742283791,0.9275128105366561
-84.0698078647,35.9277306462,train,2.6519293212708643E-4,63.1649807448088,0.8223864254860315
-81.4417114258,31.0540409088,train,2.6612143004880757E-4,63.35966247123047,0.8234578513313724
-82.2797783333,38.7832633333,train,2.042496439943805E-4,50.750204558109026,0.7357882913762082
-81.113215,38.077105,train,2.4910056438838307E-4,59.759922798624224,0.8027489856722532
-84.3703720977,39.1485971682,train,1.957139639563699E-4,49.1876943307563,0.7206755640682391
-84.3099517822,30.3972759247,train,3.0067385999546796E-4,70.27172934010346,0.859051193437182
-82.2049859426,41.1249334677,train,1.060304670868636E-4,32.237664548264405,0.49890202919558946
-82.9935916667,35.3565666667,train,7.676067260284971E-4,99.58187728809024,0.993276547201269
-81.3975916667,36.00335555,train,4.774296679691861E-4,94.12437441744513,0.9554524416258434
-84.6011112583,34.3651997075,train,4.024898557202217E-4,88.07360591086996,0.9274042086822012
-81.8981727585,35.8939435276,train,4.589365628140687E-4,93.09121658772574,0.9497470761653217
-82.3680727691,28.9708532122,train,2.1370701957346516E-4,52.96989596696811,0.751579922114276
-83.45257365,35.73543337,train,2.877852179427841E-4,67.5251518328222,0.846701603062158
-82.51066667,28.531,train,1.9779402954448464E-4,49.430785231989205,0.7244362245032747
-85.4770133333,32.5831916667,train,2.625720291610496E-4,62.57158274885548,0.819326862985623
-84.3664963302,33.7793227047,train,3.950644579006548E-4,87.34189910385912,0.9238050656648146
-81.8540258612,36.1441849871,train,4.033998855565443E-4,88.20472648828857,0.9278334467289192
-81.5432576,28.78381343,train,2.449881715189259E-4,58.98450248654982,0.7973914591629725
-83.4144748841,40.2966842568,train,1.0534579201550495E-4,32.09630975329236,0.49666127297990337
-84.2160811648,32.0554604924,train,1.80176673685547E-4,47.01465377110119,0.6909127479641262
-85.0923226,33.5643544,train,3.229949827616809E-4,75.27068272893311,0.8781318322638898
-85.6455040723,32.4325277525,train,2.3798621437440314E-4,57.56694182719064,0.7879325458213782
-82.015509,26.4519807,train,1.3711134673168358E-4,39.38625235207123,0.590776570246895
-84.63417833,36.396325,train,4.1802042368593373E-4,89.7228820399402,0.9343917724171291
-85.3508234709,35.6630916977,train,4.1289139638163046E-4,89.31708661761,0.9321618507210941
-83.9883333333,30.33,train,2.4004693505784243E-4,57.93970588377634,0.7907613222649119
-82.3546674662,34.7769062268,train,5.134587462531608E-4,96.20015677719694,0.9647744461116804
-83.9575808137,30.8393414499,train,1.995172626870027E-4,49.72892353056682,0.7275133713372295
-83.978327,33.963058,train,5.019370373673246E-4,95.7036296752155,0.9620278247366513
-84.9646316667,30.6810683333,train,3.3539977440994546E-4,77.73753959952599,0.8875955723251173
-84.6503609882,41.5588895633,train,8.000914997776922E-5,26.21286813404217,0.40630183864972014
-81.27328667,29.86763667,train,2.9087466702745215E-4,68.25086971147569,0.8497570341710663
-83.84407833,35.58448333,train,3.477403615695615E-4,80.22373415957742,0.8962810142676494
-81.3607549667,28.584009739,train,2.342833937020941E-4,57.07117376775103,0.7827531969812762
-85.1165687666,41.1103694514,train,8.43169159394879E-5,27.379245964734604,0.42273626644095375
-81.0232,37.80339667,train,2.762287450655273E-4,65.22734565002318,0.8347111168497954
-83.3732572943,34.1430923342,train,4.3329480097872364E-4,90.76951134260894,0.9406076904537318
-85.1398466391,35.0614048766,train,3.3564190204767903E-4,77.77455097511142,0.8877727885349462
-84.8979,45.4434759722,train,4.441082051330702E-5,11.92622875064587,0.25129158482833425
-83.423493728,31.1371314866,train,2.522680406742529E-4,60.49472144996192,0.806778720049574
-82.57937,35.0839583333,train,7.847080844664219E-4,99.71010182744259,0.9939855804487953
-81.4462083333,41.146075,train,1.3342987864346036E-4,38.647633620933696,0.5808403855618763
-83.19172,35.5020633333,train,5.447962890784289E-4,97.30395439655598,0.9712810013110567
-82.0776221667,36.1074833333,train,4.596825837671755E-4,93.18494256796778,0.949990787297933
-81.7274146155,35.8051332474,train,5.15653159853467E-4,96.29323151620862,0.9652745877880509
-83.0724676698,38.1456009461,train,2.285602452057716E-4,55.961403520915226,0.7744979442727351
-85.3862,41.3299833333,train,7.846487069128878E-5,25.82830226561606,0.4002970620086852
-81.8644466667,35.7968666667,train,5.177968761905741E-4,96.34151214573205,0.9657563170483981
-82.862887904,39.8373661253,train,1.2126405155313642E-4,35.98815402270173,0.5462569349655823
-81.82035,35.9951133333,train,4.795956715480042E-4,94.25926793479603,0.9560768085819081
-83.8861740364,36.8715946312,train,2.8197099787179673E-4,66.38372693682595,0.8407818891104135
-81.2155319414,36.1410585297,train,4.8332094632646774E-4,94.52439116980507,0.9571302481902266
-82.0511361111,41.3881416667,train,1.28771312156514E-4,37.72186930566114,0.5679204971769469
-81.5488586426,41.3833312988,train,1.4733903194415513E-4,41.33597934010257,0.6171619744028802
-81.615768,41.31786,train,1.3936382458103986E-4,39.83729247589612,0.5967394463101654
-85.2514563873,32.6954347999,train,2.824278702465043E-4,66.51073748751952,0.8412552139169844
-83.856342397,35.9896370397,train,2.557512074062939E-4,61.0947115519067,0.8111151058755324
-85.86318333,38.463795,train,2.5183573160914187E-4,60.39669958436411,0.80623361598637
-85.1781383333,35.3026616667,train,3.7213147157019E-4,84.10320758928579,0.9115233116902112
-83.57161,35.6957286,train,2.6410807814292224E-4,62.91335106986401,0.8211263350618452
-81.3333333,45.0,train,1.4733471548915774E-4,41.33502653430357,0.6171512056197279
-84.7098373611,36.4875379167,train,3.815564128394317E-4,85.61530133320906,0.9167938772640972
-83.2379,34.6072916667,train,6.319338927231699E-4,98.79559661149081,0.9837235111388963
-84.24665397,33.89127666,train,4.633874159972674E-4,93.50116849916476,0.9511836894373094
-81.9702132046,36.1980092298,train,3.9371832201500796E-4,87.17884215953536,0.9231337303627727
-85.3737573666,33.4923585189,train,3.051236130176264E-4,71.09119518106745,0.8630796077406645
-81.5947642922,36.0484857848,train,4.677712747745777E-4,93.61875537381871,0.9525585261624235
-84.5043895953,39.2107190984,train,1.7645546885960693E-4,46.41977989096694,0.6833259372551063
-84.5662808418,38.9919927777,train,2.0662616851094718E-4,51.335207653075194,0.7398485531105155
-81.9180133333,41.30697,train,1.3153261547139085E-4,38.23549011250642,0.5756258847364342
-84.30555219,33.47278875,train,3.4851495140043187E-4,80.35176485415553,0.8968032332650197
-83.1914506649,35.3138417426,train,6.720535334260489E-4,98.94586089845392,0.9874680708980111
-84.4433242521,30.6827157427,train,2.996892559000077E-4,70.10260165780129,0.858143926068829
-83.3525322005,35.3949875693,train,4.376552340932239E-4,91.28660811521351,0.9422715721726659
-81.34978631,41.71520332,train,1.3776137920208634E-4,39.513456136601626,0.5925063638040589
-85.5856061889,42.9800258444,train,5.5144663780613556E-5,17.28042352492542,0.3018723952197204
-85.2155216667,35.0549166667,train,3.280786453374349E-4,76.19481307953008,0.882102937961829
-85.81903549,44.71511243,train,5.42001807442206E-5,16.853668473387742,0.29756232455988196
-82.43435,35.4812055556,train,6.065048703912342E-4,98.2891167027319,0.9807899927493758
-81.68985,36.6597783333,train,3.9814471305925765E-4,87.66006353526275,0.9253192529652321
-81.6073616667,36.63703,train,4.120679628554276E-4,89.21320021946636,0.9317968560717741
-81.5962533333,44.3048883333,train,1.5966861342764558E-4,43.45401098143259,0.6467183683912572
-81.66229078,37.6629460644,train,3.3572753552757093E-4,77.79103430601658,0.8878353978327858
-82.7377929688,35.4582443237,train,7.589163725055188E-4,99.50724909581751,0.9928848022735269
-85.1502429453,34.4395544284,train,3.1123371342108865E-4,72.43430216778026,0.8684242334345915
-85.6648036997,37.9170081997,train,2.543792606460393E-4,60.78824418328547,0.8094188336651562
-82.5454094,35.3887476,train,5.37618164424469E-4,97.03341520817428,0.9699057073212543
-83.9660382267,42.4584997695,train,7.815534198546821E-5,25.75452402851714,0.3990862034385494
-83.419712,32.942669,train,2.969028598982443E-4,69.53884856330438,0.8555446172777479
-81.966247,40.671349,train,1.0934856080491994E-4,33.002477323622465,0.5096207439690329
-84.4277366667,42.1901466667,train,5.946228449454159E-5,19.347283161379025,0.32124117240223526
-84.2200012207,35.9937820435,train,2.7032758174558687E-4,64.13000596012483,0.8282310910711201
-84.0483227326,34.0582253681,train,4.977548506313462E-4,95.41087977480713,0.9609787206231749
-84.1018305556,33.9165611111,train,4.949121929299205E-4,95.22168695565568,0.9602491404392701
-67.101425081,45.1535186782,train,2.129217018717381E-4,52.83433574369709,0.7503053569076901
-68.2733346,44.3385559,train,1.3927054399617744E-4,39.82018024354997,0.596494242482834
-72.318405,44.582255,train,8.453142041090167E-5,27.418863743869206,0.4235426197312251
-72.180484905,42.1104089153,train,3.1240757202048166E-4,72.77683944012038,0.86942688473324
-71.7914514431,42.8076969227,train,2.505829870015988E-4,60.045699678433515,0.8046453138477928
-72.0947111667,41.83758,train,3.3406043300855497E-4,77.53280928411047,0.8866102244872229
-72.2561116667,41.5882116667,train,3.698975494397491E-4,83.6957938132073,0.9102258932101664
-71.4358652,41.9410778,train,3.2046555272787267E-4,74.53089464801585,0.8761064109120275
-70.3917985,44.1117418,train,1.8393674989791253E-4,47.57692946371125,0.6983942041810534
-68.52008,44.9674216667,train,1.367835171443948E-4,39.32238260652723,0.5899014034044192
-72.4420266667,44.4499266667,train,8.114192800197107E-5,26.558825112045056,0.41066827167753683
-70.7378032467,44.0285410442,train,1.805933920008329E-4,47.09519532763766,0.691750957072608
-71.1091716667,42.3675533333,train,3.151582844588945E-4,73.3442169364842,0.8717465782435022
-70.2714104417,41.7069127323,train,2.9779852115218363E-4,69.71284490503146,0.8563852938866902
-72.2077107542,41.7870598564,train,3.25345660993824E-4,75.68305122207417,0.8799844235584089
-71.469955,42.1679116667,train,3.069334961211126E-4,71.38738134025154,0.8646849895453882
-72.6564384532,42.2948902846,train,2.3242824559215788E-4,56.659616730932086,0.7801109220915934
-71.7664959189,42.2283857083,train,3.137806327023313E-4,73.0460025171985,0.870589993237904
-72.5039407053,42.7670538286,train,2.1722480301367155E-4,53.58540990191818,0.7572098870930112
-70.1772843116,44.2281071842,train,1.619210244473653E-4,43.917991845911196,0.6518659537647967
-71.2109508,43.1519899,train,1.728064123324878E-4,45.70519451056452,0.675705407516447
-71.2549576138,41.4975148143,train,3.002217401035657E-4,70.19406767914481,0.8586353085037698
-72.718645,41.5447216667,train,3.4173196441694085E-4,78.93560072854014,0.8921394436607304
-69.9879739,41.9118207,train,3.017254015188719E-4,70.51284098081976,0.8600137337590474
-71.0728522222,42.0572033333,train,3.560573900750558E-4,81.31337065950615,0.9017527965850252
-72.5125021151,41.3077575826,train,4.0882406636496367E-4,88.79327777158582,0.9303397606587251
-70.6441558991,43.3579249448,train,2.1539148921538034E-4,53.29372207325374,0.7542919033979878
-67.21927,44.844905,train,1.8014004044941088E-4,47.007573453891354,0.6908389530457997
-71.3399276733,42.5557975769,train,2.7774718549025045E-4,65.51944291787805,0.8363385859058605
-71.3650990651,42.4568370358,train,2.9206741946054184E-4,68.50168888455559,0.8509202919989949
-72.5027466667,41.522225,train,3.6470359242938676E-4,82.5873453610909,0.9071353264160982
-71.9050405641,42.4748181459,train,2.5740608081103084E-4,61.453712029963576,0.8131411113468803
-67.2559872967,45.1222365211,train,1.8119718241045566E-4,47.211893388723475,0.6929614216112456
-71.2696144358,42.2437712364,train,3.4571368694959057E-4,79.84573682187136,0.8949021181910494
-71.5683261924,43.103410121,train,1.7437188405053434E-4,46.03808344603016,0.6789968769788564
-71.4643325806,43.1267623901,train,1.553822609768935E-4,42.74734369486502,0.636711303713572
-71.6634192,42.7951311,train,2.3954567512254584E-4,57.81422960360932,0.7900767288751701
-71.3149829955,41.8541504536,train,3.4326961774987035E-4,79.19293367732388,0.8932148319064762
-72.1776045487,42.9179327796,train,1.823902364995182E-4,47.41008576321223,0.6953392700970484
-70.8661883333,42.850055,train,2.3861814570846036E-4,57.65955128370491,0.7888040475291074
-72.7621604875,41.7824653164,train,3.0989534330812637E-4,72.2004569035807,0.8672716679287625
-71.7180333333,42.6198716667,train,2.622243679088242E-4,62.507602067875474,0.8189170741089258
-71.1384100406,44.0666460586,train,2.0880044530358337E-4,51.867131689681095,0.7435085964802436
-70.8489020179,42.6643273715,train,2.6966858734425616E-4,63.9786876053696,0.8274918648455819
-72.5067743753,42.5144708343,train,1.9704785271066857E-4,49.35777622967045,0.7230930314600228
-72.910774231,41.3329238892,train,3.896108714125706E-4,86.72211067390192,0.9210485116414111
-72.00005725,43.1179300833,train,2.3494692073688654E-4,57.21749412801937,0.7836905251483468
-71.72142833,42.1269,train,3.442784286785483E-4,79.43009445569582,0.8939145324547658
-71.5911602551,42.5387457716,train,2.6575224266549015E-4,63.27744951202812,0.823032609458898
-72.8837389871,41.9597005224,train,3.1247063257919326E-4,72.78898602804948,0.8694805311337617
-72.0693940949,43.3796259435,train,1.5097762802357827E-4,42.10431374847414,0.626132719630297
-67.8659026798,44.7095603571,train,1.466788840512497E-4,41.190701891713985,0.6155114991132471
-70.9109864978,42.4751025991,train,2.886512169109605E-4,67.79810370562534,0.8475642803590383
-71.3064472222,42.52735,train,2.905582824314321E-4,68.16490518627765,0.8494469529289794
-71.55248597,43.68168579,train,1.6986874216307535E-4,45.15406877529318,0.6694374713068164
-72.591165,42.3959483333,train,1.9929276178263735E-4,49.67732253833327,0.7271144389936155
-71.7673070741,41.3990723415,train,2.944888884335518E-4,69.03611298606549,0.8532542534607138
-70.8669393418,43.8967133162,train,1.9882960085513103E-4,49.57086611451307,0.7262895675438159
-69.0621794412,44.3306383348,train,1.9916895355260632E-4,49.648865514811064,0.72689418513921
-72.31432482,42.66635684,train,2.000421909084485E-4,49.8804695449162,0.7284438807423593
-72.4221178549,41.5853801637,train,3.6506772213507635E-4,82.66267114346968,0.9073554211869689
-72.49188757,42.58001816,train,2.188892451208859E-4,54.00259776024058,0.75982906371461
-72.1961703393,42.4897214986,train,2.2392863667845022E-4,55.047333072374734,0.7675880557283659
-71.3268053997,42.4817497,train,3.2191499439948975E-4,75.01268376484835,0.8772711224945571
-68.2765537355,44.3002129282,train,1.5267502120648398E-4,42.333337949339644,0.6302453385064724
-71.7784653883,45.5244541287,train,7.783543077888262E-5,25.635417599348823,0.39783215983471976
-70.4573166667,41.6476111111,train,2.9376270180271147E-4,68.86468575832471,0.8525581720957676
-70.78960049,42.15866934,train,3.221710845955459E-4,75.07386146487592,0.8774757648955841
-71.49556667,41.451695,train,2.776823793241411E-4,65.50163619175105,0.8362694549479203
-72.1577564534,42.1035500011,train,3.1700084938012625E-4,73.73069025563547,0.873277331813394
-71.0653797258,42.236524704,train,3.334103557987082E-4,77.39561951790488,0.8861288564019129
-71.13556006,41.5356389713,train,3.1893552002429387E-4,74.26921164888387,0.8748649453921495
-71.5883845754,42.3147899591,train,3.2623630492059196E-4,75.762820258579,0.8806789683621483
-71.0547490418,43.2407101057,train,1.8840463916307485E-4,48.14581378855604,0.7070489309936783
-71.1231528333,43.756255,train,2.0563777468307168E-4,51.08141038554075,0.7381675292074745
-72.4215336949,41.4183245207,train,4.0873157692125725E-4,88.7827240377554,0.9302977628866586
-70.8206397936,42.5984083661,train,2.5970804465094097E-4,61.93953199631283,0.8159232397478742
-70.6918044183,43.2222392733,train,2.310839913769073E-4,56.40560786907881,0.7781762521573543
-71.599245,42.0287278333,train,3.513381646467122E-4,80.80870409251537,0.8986844513367191
-72.0939104912,42.9465693003,train,2.516966833309532E-4,60.365171742974255,0.806057961573739
-70.1056166944,41.286183,train,2.3303551588961695E-4,56.769617836207296,0.7809793722532196
-72.1269683333,42.6313733333,train,2.144332673066391E-4,53.11234893428573,0.7527528260637504
-72.885331884,40.7940468098,train,3.0108748556168413E-4,70.36657783418337,0.8594305973852403
-72.321005,42.694725,train,2.10344258926414E-4,52.256747160744446,0.7460760534619486
-71.3125098306,42.0842582972,train,3.4226642275272495E-4,79.03442237472728,0.8925144500632395
-70.9822616667,42.1256,train,3.333820315429603E-4,77.38905655195312,0.8861078365085299
-64.7132866667,32.35368,train,3.2286534247811914E-4,75.23971292522174,0.8780288335140929
-69.314147,45.175143,train,1.1189511940837918E-4,33.69607315344874,0.5176913374659586
-69.7479601,44.0827501997,train,1.965727464040717E-4,49.31128987969549,0.7222343830048348
-71.4470599964,43.8063408405,train,1.914768869098948E-4,48.53091562037282,0.7128556314250112
-68.46698,48.5149916667,train,8.649103023657761E-5,27.867222653061607,0.4308571265781992
-70.8409888889,42.1960861111,train,3.1344842621331147E-4,72.977326515289,0.8703095374648243
-122.6735581924,40.637758188,train,1.682489308568483E-5,1.369749466469576,0.10384365134851314
-122.59555,37.90952167,train,1.8927882352397202E-5,2.4893114950441975,0.11604103372548169
-122.4562383333,37.792225,train,4.199529218379313E-5,10.700640441622271,0.23941297352513125
-122.0944222435,37.0899274263,train,3.1710441978220495E-5,7.223844216677718,0.18668998656999236
-122.4912956358,37.9112154432,train,2.9660797478317954E-5,6.626544125419339,0.17575403741845663
-123.715195,39.1274445,train,2.25025590120265E-5,4.131629305604882,0.13639450894476846
-73.219671,43.672442,train,7.720603846302494E-5,25.400827479274728,0.3953573139462786
-73.0574855804,43.6209185656,train,8.639931765643936E-5,27.844853738217346,0.4305168764974865
-73.190505,44.02435,train,6.342218066625132E-5,20.874275015752094,0.33853241153489755
-73.2449226377,43.6642580955,train,8.21580472160566E-5,26.79904728008617,0.41455769896486805
-73.84946281,42.71066276,train,1.1207009159556E-4,33.75222050712218,0.5182409602783535
-73.0997912626,41.8708476752,train,2.9611952497820085E-4,69.40162998352089,0.8548053382490356
-76.7167139053,45.0827245359,train,6.629209495338835E-5,21.859181461091612,0.350788192297966
-76.6042353095,39.2732935687,train,3.0288962366842515E-4,70.69338644409035,0.8610717519439435
-76.6803216757,38.9351693172,train,2.6042127734989234E-4,62.1658866106408,0.8167768105986141
-74.9646641296,41.1138269001,train,2.0472285143874195E-4,50.860013812824036,0.7366017817628947
-73.8340958489,41.8991880406,train,1.5608950034796146E-4,42.89352454910869,0.63838176400473
-76.0064047113,45.6035203245,train,8.068281424721041E-5,26.42913157847194,0.4089024444947823
-74.0079091956,40.8930253191,train,2.5715129560948357E-4,61.39461457997014,0.8128306076436792
-74.1537388333,40.1854966667,train,3.173704012181272E-4,73.83323387656813,0.8735821389165292
-73.8099065126,43.1199599622,train,1.094867661295757E-4,33.03253910366895,0.5100621919668102
-75.0229944444,39.9043472222,train,2.5724455755592033E-4,61.41624669668008,0.8129443246924957
-76.872445,38.167105,train,3.136119629058127E-4,73.00882659799817,0.8704476744887788
-76.094076,42.997172,train,1.3179584078223743E-4,38.288117384522295,0.576353199406787
-76.01733641,44.5462021,train,1.1047075423659628E-4,33.26187206281405,0.5131937278462908
-74.60031021,41.20033988,train,2.0660736259617095E-4,51.33067557247444,0.7398166696421073
-74.5189547169,40.7002399374,train,2.4467393612554833E-4,58.91500105661725,0.7969761458790602
-73.2871635911,41.4279323118,train,2.993988181900188E-4,70.05271251253971,0.8578751873590339
-76.744687,37.304383,train,3.438372336404509E-4,79.29521106400837,0.8936090901299731
-76.6520083333,39.6362333333,train,2.450782775804787E-4,59.00441585800367,0.7975103921965401
-73.7596506997,40.7592465545,train,3.106258492558609E-4,72.34218539155671,0.8679020042569406
-73.2260583333,42.6996861111,train,1.6180685470818204E-4,43.88054582630317,0.651606847859291
-75.7493201257,45.4069203842,train,8.96640565235475E-5,28.56858310335231,0.44250457909624175
-73.4511416667,41.2601616667,train,3.052511140881662E-4,71.10759375552169,0.8631933232749742
-74.90917728,41.18046665,train,2.0964137056587447E-4,52.09807760053207,0.7449103092891685
-75.1615445,41.0605778333,train,2.0206104992450145E-4,50.4119679523076,0.7319930782219184
-75.5639716667,39.7675283333,train,2.5762915706897365E-4,61.50545458768843,0.8134125487704619
-73.9762333333,40.7948616667,train,3.013325265388287E-4,70.42277296373103,0.8596548828109971
-75.1597445,41.18782,train,2.1179762955098177E-4,52.52887794662208,0.7484696078670965
-76.7007335897,38.7829710634,train,2.7842990286918774E-4,65.71038011432498,0.8370650928559934
-75.9222716667,41.063625,train,1.625531854608069E-4,44.05953087571176,0.653297146789769
-73.8314386419,41.2136396923,train,2.380068323151466E-4,57.5699633837804,0.7879610368660306
-73.4836100042,40.6678206537,train,2.7858112476700507E-4,65.75265395858679,0.8372255773549898
-73.8030700684,42.2582054138,train,1.3007277091181768E-4,37.962568040356956,0.5715694813663572
-74.3339463696,43.6585072909,train,1.612106385908443E-4,43.722513800034314,0.6502506111008632
-75.2337493896,40.0707206726,train,2.4919514219607676E-4,59.778066689152745,0.8028705183035663
-75.1797637939,39.9526138306,train,2.5612979093799984E-4,61.17118761852608,0.8115805221640466
-73.0677721667,41.4892383333,train,3.4960736655542576E-4,80.51581075827156,0.8975352603291348
-75.5342815214,39.1247265879,train,3.011539762709862E-4,70.38182611659919,0.8594914915838303
-75.3129881155,40.8210764453,train,1.837367490064939E-4,47.563033032779344,0.6980008598500624
-73.07169747,42.10949318,train,2.965434548352998E-4,69.47472167802209,0.8552058941625477
-75.7286883518,40.9986192123,train,1.871567447458907E-4,47.91009006059998,0.7046569473795941
-73.8839755299,42.2257352118,train,1.368591164955365E-4,39.33711132994919,0.5901033877060383
-73.9174804688,42.0456085205,train,1.4468461263171658E-4,40.74171326623186,0.6104821600615213
-76.6188043915,38.2847422595,train,3.796806561876912E-4,85.2381252864601,0.9157705677386622
-75.9258691874,40.3116509831,train,2.2051214650483527E-4,54.34152415624087,0.7623556629104575
-75.6468780146,38.3456519302,train,3.56329090244019E-4,81.3482769733238,0.9019265942474632
-75.2264472222,44.6213916667,train,6.856399697961483E-5,22.74210531460591,0.36032896068972353
-76.476480977,44.5654880981,train,1.1715099116147E-4,34.90381943229807,0.5339308112761317
-73.1460547578,44.7818291891,train,4.996322605888825E-5,14.708052190894133,0.2778975413528164
-75.4191703,45.5434541,train,9.057940361465219E-5,28.762681801652587,0.4458200920461315
-74.5923083333,40.9025722222,train,2.689846526775991E-4,63.83512242851053,0.826721297502864
-76.75540333,39.62647,train,2.278963029886483E-4,55.85545925492071,0.7735201693825088
-76.9045278803,40.0057180593,train,2.298268803584062E-4,56.16887070160959,0.7763516003454196
-76.580313508,40.4116356963,train,1.9029057497764768E-4,48.39254047351774,0.710627210561976
-73.52603,41.12800283,train,2.8761380194218024E-4,67.46891614763531,0.8465302665999134
-76.1216921705,36.9021177975,train,3.655888008294713E-4,82.77046421753892,0.9076694752533823
-73.120125,42.18789667,train,2.7902287988372027E-4,65.80983384033237,0.8376934859620128
-76.80680833,35.494645,train,3.400882031582136E-4,78.63885686347449,0.8909778674209899
-73.18340333,44.18432167,train,6.355861238296358E-5,20.920467103030695,0.3391202379629319
-73.2082273532,41.7223168631,train,2.8575688690584485E-4,67.09004748576557,0.8446618948496105
-74.7009093521,39.9757680281,train,2.4208956032100446E-4,58.39963054990643,0.7935280198345944
-74.75394977,40.38609029,train,2.17205544652596E-4,53.5798536382278,0.7571794154541496
-73.1593133333,45.0043816667,train,5.9347468458486764E-5,19.299583100475235,0.32073313140555326
-74.7574900557,41.2286641309,train,2.0598528408470517E-4,51.173001271037116,0.7387597950001652
-76.26100916,40.50096972,train,1.996902802208264E-4,49.770913702389855,0.7278204210854989
-73.8274336606,41.4714471659,train,2.410857830144987E-4,58.193043524264645,0.7921730241682626
-74.5132481866,40.6596105639,train,2.189284459734587E-4,54.010982164209764,0.7598904086526516
-74.47360333,40.89142167,train,2.6370078375640907E-4,62.78551351351444,0.8206509456125468
-76.9659122452,38.891592582,train,2.607796595348488E-4,62.280113235654866,0.8172042140838869
-75.7583396239,36.1939013879,train,3.812825132302816E-4,85.52763985497407,0.9166452314868582
-75.4927790165,40.3983657657,train,2.1446766195205966E-4,53.11942680953223,0.7528082365220387
-75.4714657751,40.3152194004,train,2.2438317516203E-4,55.1434206024778,0.7682754474603779
-75.7511,39.6251133333,train,2.4030474198589479E-4,58.00424057337637,0.7911125509923561
-74.2516783333,41.8709533333,train,2.0329788203987423E-4,50.62863521982667,0.7341445021568196
-73.8221949711,41.1094895118,train,2.6915325705967195E-4,63.87051428552783,0.8269115777564636
-73.2991027832,45.0678710938,train,5.1601965433162115E-5,15.501722270357623,0.2855678018263448
-75.0381585305,40.2568310014,train,2.250430196827212E-4,55.28251016813856,0.7692697041584874
-76.329125,39.3928833333,train,2.7086264086519796E-4,64.25788225846676,0.8288289622930546
-76.8064172008,38.0059259199,train,3.3348578751867853E-4,77.4130976756455,0.886184816593907
-73.9492844236,41.4129697711,train,2.2275833628883582E-4,54.777688814850976,0.7658088297092317
-76.4101609471,44.9575675196,train,7.658040303066329E-5,25.138616898923072,0.39288716019074277
-73.9887121812,41.3191637998,train,2.3003795323676328E-4,56.20377537013886,0.7766590102251779
-73.9325713889,45.4723625,train,1.048465641523659E-4,31.990585267769703,0.4950211212491926
-75.9663044711,43.0530252746,train,1.292824356268787E-4,37.81986738591661,0.569357258608255
-73.8017975959,43.6061503133,train,1.1032742034385238E-4,33.22655351635178,0.5127388171584978
-73.4768697,41.8793754,train,2.081480174312562E-4,51.68991206148811,0.742415780327478
-75.1719305556,38.3921722222,train,3.736713811382326E-4,84.38943816523768,0.9124067273305749
-75.1242,38.7601,train,3.9138761407727355E-4,86.91575674750554,0.9219573598027141
-76.2243096805,45.2045382268,train,5.866525803199462E-5,18.946032867226407,0.31770661700483427
-74.1002583333,46.3319633333,train,1.1764940526209076E-4,35.039876511591196,0.5354421223375294
-76.3025483117,42.7502335361,train,1.389112227460123E-4,39.75426311053878,0.5955483115354898
-73.8951795548,43.6567744079,train,1.246680556889668E-4,36.83186254655312,0.5562112269954141
-76.3247643784,39.8136246277,train,2.254301625611087E-4,55.36217660860631,0.7698510658675144
-73.99333219,45.32591906,train,9.540032165896719E-5,29.945851816654006,0.46295945873855027
-75.994568,44.491692,train,1.1004939997467536E-4,33.16238925270605,0.5118552284807008
-75.7603988647,39.669342041,train,2.305034347141509E-4,56.28391211600379,0.7773354522250939
-74.4307679963,40.7616378554,train,2.4142138252995847E-4,58.27407930174629,0.7926270354840919
-75.8388916667,38.8028527778,train,3.2209582633546864E-4,75.05588299801194,0.8774156612367308
-75.1362749167,42.0097920278,train,1.5243674012446865E-4,42.30258341144569,0.6296707476855844
-76.5860924409,39.1027831673,train,2.926766298113677E-4,68.62793321105008,0.8515109583982678
-76.2258465216,45.4788028978,train,5.8296898677891915E-5,18.7920695324336,0.3160668488312114
-73.8166351111,45.6066856111,train,1.0139222363566803E-4,31.250352232809334,0.4835249336708395
-76.825395,37.7218866667,train,3.105257237155836E-4,72.3270121957745,0.8678157856443378
-74.5901107788,41.4327888489,train,2.0921035703083226E-4,51.996259738395686,0.7441928254822645
-76.4504841012,42.4809768867,train,1.1999379150281335E-4,35.65189062343382,0.5424853872781932
-75.72335,41.1555166667,train,1.781656608543852E-4,46.70142626810063,0.6868355390029766
-76.627248968,45.5468608627,train,6.960894030200134E-5,23.03992914291271,0.3646699613485468
-91.846167,44.729333,train,2.088157860586593E-5,3.4463144288554854,0.1272237096178842
-89.976679,40.385387,train,6.467220061909486E-5,21.297102687043708,0.3438987258879128
-94.023934,30.813843,train,4.541784477193067E-4,92.75490048473819,0.9481644989949056
-94.38928,29.559535,train,3.930588896959161E-4,87.10575827372867,0.9228027076926969
-89.320046603,43.0535565637,train,3.359183092152548E-5,7.800551254263931,0.19660043717254716
-87.793647,33.334841,train,3.4446959475998185E-4,79.48853828940382,0.8940466055905648
-87.8962249756,41.5579910278,train,5.4350290893976834E-5,16.94055687172936,0.2982491141398994
-88.15335,41.3659833333,train,5.273531867082082E-5,16.062143971753798,0.2908248478617874
-87.96036479,42.48185754,train,4.7415798346957735E-5,13.352203885355944,0.265810259146253
-89.3474553039,41.8974063357,train,3.668979873444807E-5,8.759740199595027,0.21265691628932393
-87.5884866667,41.5625616667,train,5.868555483291078E-5,18.954516330778702,0.317796854757159
-92.4830402848,30.4888781127,train,7.577728500499733E-4,99.49712374321635,0.9928315829857199
-87.640939504,41.9496724243,train,7.90604027456291E-5,25.97025131356833,0.4026198903735041
-86.75355452,33.32167416,train,2.62034595059094E-4,62.47771127853013,0.8186929965384117
-89.3330097198,36.4564289087,train,3.673537428061845E-4,83.26235989561758,0.9087253171298744
-93.322334,35.509277,train,1.6908492358290824E-4,45.01841692018332,0.6677447049020664
-93.6572883333,35.1993466667,train,2.200175120860017E-4,54.24391511432232,0.7615884248067637
-90.1292395592,34.7622574833,train,3.0206364706795525E-4,70.56529548821932,0.8603219512011
-87.1051778333,41.621345,train,6.291834016025026E-5,20.69069615553137,0.33635704199694827
-94.92,36.145,train,1.1958916706659154E-4,35.50565685187128,0.5412774399258823
-90.8127758001,38.4742536117,train,1.1580864416609927E-4,34.615759051016084,0.5298359961117525
-89.8013934866,33.8051854698,train,2.914541208026555E-4,68.37400535693533,0.8503232884331076
-93.0682687462,34.3504548585,train,3.3966433876418537E-4,78.5660696663363,0.8906763171132712
-87.5609633234,41.6811101279,train,6.454160493997888E-5,21.25478212089059,0.3433401235607021
-86.0292038788,35.4488733877,train,3.9520204520615033E-4,87.36074437723086,0.923873351091037
-86.8523633333,36.1444471667,train,2.7107828210956483E-4,64.2901322716986,0.8290693295146357
-88.9595413208,32.1546325684,train,3.1229397430455517E-4,72.75076341104607,0.8693301901022675
-90.9130677103,36.8852355655,train,2.0910677346029326E-4,51.96362943422663,0.7440200952245698
-88.1410666667,41.7084916667,train,5.5347524491953135E-5,17.36474316591395,0.30279467771634616
-86.7493831733,33.3360487193,train,3.0416937115191944E-4,70.93390199519227,0.8622255330705633
-89.044525,39.43592,train,1.0529883261988669E-4,32.08661473733909,0.49650722091090604
-87.79210272,42.1457755,train,6.054384816320813E-5,19.774109242577893,0.3260082942122762
-90.9158966667,33.716575,train,2.5128257710125586E-4,60.271236744962316,0.805533893054647
-88.7784524064,33.2835482027,train,3.4223210789889304E-4,79.02900040572347,0.8924904120243791
-88.7297583333,30.8119694444,train,4.0128398921784257E-4,87.94109090792044,0.9268314965343485
-94.9530707672,29.1948470947,train,3.473983609082954E-4,80.15572949753773,0.8960496014105627
-90.1135166667,32.3268866667,train,4.074420576763926E-4,88.64376632661504,0.9297095713125398
-88.6544570923,37.5214767456,train,2.760562991345935E-4,65.19934353790946,0.8345252684278623
-89.644747737,39.7957985085,train,7.633278002805121E-5,25.014416318263375,0.3919067019783803
-87.862378834,30.8377516839,train,3.5560538143483364E-4,81.2552994573273,0.9014629788585845
-86.2634666759,31.499346965,train,3.5203334577015705E-4,81.00732584346422,0.8991423917416536
-89.4163494528,34.6183120686,train,3.274216478799311E-4,76.01849540968894,0.88159709591304
-87.8435824066,30.7203156168,train,3.9344841533437975E-4,87.1489288106527,0.922998414202456
-89.8855377361,43.3134728304,train,3.189240132451608E-5,7.276965469168069,0.1876537962177116
-86.4062057902,39.8153041397,train,1.2588132281822432E-4,37.10216766031298,0.5597061311966686
-88.2450716667,34.38142,train,3.3914484767917093E-4,78.36931836045449,0.8903055972076335
-87.6492245535,30.273724634,train,5.367219981590976E-4,96.99423980842269,0.9697294449087522
-89.72639887,43.42894462,train,2.9999002033019595E-5,6.7506813416412585,0.1775686170424996
-89.1719774025,37.6787102586,train,2.1928294898414022E-4,54.08680440415534,0.7604444550448995
-87.0765915704,30.6095963571,train,4.805830140752612E-4,94.328743052614,0.9563585064613617
-87.8832965985,42.2546129174,train,4.940002199076995E-5,14.435241093184644,0.2752424464284523
-89.0440445,30.3769833333,train,4.1058393313683805E-4,88.99409166712965,0.9311340798735357
-91.5586242676,36.2617416382,train,2.367977858248899E-4,57.429004566935355,0.7862838212447336
-86.6609408993,33.3935442392,train,2.98882158325707E-4,69.95147998056218,0.8573958688769817
-86.9489883333,30.5143083333,train,4.296184092022423E-4,90.44298807948495,0.9391676227462918
-91.1078166062,30.3695597215,train,6.058960636268674E-4,98.25810409755738,0.9807136290402174
-87.3864932367,34.7943573436,train,3.100832004581612E-4,72.25995146377292,0.8674340521415476
-86.6883744299,34.1747273784,train,3.156539644793968E-4,73.44682089245167,0.8721601847755832
-94.5559999566,37.5153387351,train,6.034827231573211E-5,19.70126184104565,0.32514875678727395
-94.449867426,37.327715453,train,7.112386440938777E-5,23.52231012332278,0.37091113937977216
-90.6367598376,41.4921213686,train,3.669868049774556E-5,8.762461926044748,0.2127024852246897
-86.1355468445,35.6481913152,train,4.309873569811175E-4,90.51057053733435,0.9397078844895875
-94.2915535671,30.9878730925,train,3.937817500914209E-4,87.18587179723934,0.9231654951414251
-93.1394661592,45.0166416048,train,2.1848396461192768E-5,3.8925538120617795,0.13270519753438637
-94.1576300842,36.2936692732,train,1.3480543812577033E-4,38.91746859046786,0.5845809058179339
-87.4206725602,30.3130034963,train,5.125617866395332E-4,96.16211147235427,0.9645679466986697
-87.1856502816,30.524026551,train,5.314959643494267E-4,96.76578106022417,0.9686808036577099
-86.4320156817,30.500113559,train,3.965236084704315E-4,87.52758164327886,0.9245261421085867
-86.204707961,39.8168992042,train,1.3039126446129826E-4,38.020744527725846,0.5724577588875195
-87.0287418064,30.3958175746,train,4.8301920796749203E-4,94.50017632562619,0.9570458706661693
-87.6779855075,41.5252484633,train,5.759908188451091E-5,18.508369980714278,0.31294967420760833
-87.6783290333,37.3154699199,train,2.91312591885638E-4,68.3445402486187,0.8501851807176544
-89.50197625,32.1171655556,train,4.4645447779559036E-4,92.085331398143,0.9454886488999866
-89.20567167,42.20951167,train,3.382914828952767E-5,7.8659678162292925,0.19784192818383706
-86.3649422675,39.0615591254,train,1.7963550013026566E-4,46.93217045507148,0.6898208000764949
-89.26768667,33.48778833,train,3.0934930975666053E-4,72.02743115966909,0.8667985448864636
-88.0145066833,42.1899466616,train,4.410503562781392E-5,11.739388529511466,0.24979817246753988
-91.704155,29.903745,train,5.425539157328201E-4,97.21944415632149,0.9708582622341306
-88.0759823996,41.8392341389,train,5.1781878433858156E-5,15.593893759302922,0.28640492091149694
-89.9009472997,43.9213698,train,2.719727841250252E-5,5.785028590688924,0.1624150867237928
-89.1905477155,39.8238064304,train,8.312948226138162E-5,27.07623172114017,0.41825208435594585
-90.0685711464,32.3513769537,train,4.14181647671022E-4,89.43057470180372,0.9327298424839436
-86.6969066,33.5555817,train,3.2745546406825717E-4,76.02755302059983,0.8816231849108178
-86.9353033333,40.4474616667,train,7.27490670783822E-5,24.04950214641188,0.3775384914586849
-87.99564622,41.13722755,train,5.459965769982747E-5,17.059952761472477,0.2993885425169901
-89.71434021,34.756111145,train,3.078408187887287E-4,71.63158591168254,0.8654826952510475
-90.4460893,32.2415227,train,3.603156360186711E-4,82.00738736539901,0.9044415902069289
-86.8503238633,33.8473007728,train,3.134051961858486E-4,72.96899964124151,0.8702729970929103
-88.3474404049,32.9763518423,train,3.015520674436327E-4,70.4731201739415,0.8598555241285142
-86.7483593524,34.002033448,train,3.137938751105952E-4,73.04892131097813,0.8706011601817689
-90.25088898,38.60652329,train,1.2040456108963257E-4,35.784256916900944,0.5437084264264498
-90.60527,34.596,train,2.9448474777267746E-4,69.03496244459441,0.8532502937880764
-89.0881278293,32.9849988938,train,3.730046392830379E-4,84.28311247294788,0.9120253186905579
-92.6983868,36.3194702,train,1.4004677583512844E-4,39.96257921759376,0.5985301661036712
-90.8624716667,34.20622,train,2.3936452227029068E-4,57.76893267377194,0.7898287695954461
-86.05482482,33.13053915,train,2.789235164284172E-4,65.7969724372403,0.8375883572154685
-88.2144657222,40.0866194762,train,7.732390553603517E-5,25.444817575222483,0.3958215541668392
-90.0927631633,33.7082786375,train,2.735773907984512E-4,64.7576964841376,0.8318304910103039
-91.3527838614,32.348884178,train,3.29145858122219E-4,76.51114007468055,0.8829200149016676
-88.8959499722,33.3240189722,train,3.6866184932500995E-4,83.5043828809516,0.9095000677931402
-89.8586222222,34.0750944444,train,2.762265581656961E-4,65.22699053689338,0.8347087612914308
-94.4943389893,38.9934463501,train,4.257559709862032E-5,10.983081736158772,0.24228377061620354
-86.5757361111,39.2802333333,train,1.4297167586370827E-4,40.45436797504975,0.6061098286443607
-89.755,33.4775,train,3.283276944509744E-4,76.26165714476025,0.8822941229778009
-94.90713,30.71432,train,4.4232165283667293E-4,91.62953027862426,0.944000612736205
-89.927019,34.5222789722,train,3.0102752234716193E-4,70.35282649900901,0.8593756586321614
-88.1354416667,38.35417,train,1.6650723762915698E-4,44.50163553079399,0.6621164621420419
-91.6035533333,41.6558916667,train,3.3325288360226055E-5,7.722862791218616,0.19520376775811843
-90.5296333333,41.5015333333,train,3.579039286399769E-5,8.46802560241151,0.20802872499087344
-88.3161477372,33.5634489832,train,3.7591260094977877E-4,84.82140151500231,0.9136767335869718
-91.71898196,42.0048631,train,2.831824525696092E-5,6.168268439280176,0.1685112219317455
-88.8095527778,33.4630944444,train,3.713587610336196E-4,83.95230459197614,0.9110766714830916
-92.7461616667,45.1109611667,train,2.0177929596234374E-5,3.092419045668114,0.12321251863888039
-88.3789931589,41.8180702633,train,4.508742178227874E-5,12.254142603648807,0.25458545658573273
-90.7170866667,32.87872,train,2.8547697500731247E-4,67.05166845591083,0.8443782899353482
-94.071993673,36.6583055018,train,1.1251122033673002E-4,33.834695941429985,0.5196238558785695
-86.6842633333,34.78723,train,3.1635696055733203E-4,73.59423520221587,0.8727444941827069
-93.7486952171,38.7628796123,train,5.1704443665831306E-5,15.554221619113761,0.2860447441692401
-88.78508705,42.10175826,train,3.627635000174667E-5,8.62600146030085,0.21053274710809433
-89.5133216667,37.6401883426,train,2.0661642969303554E-4,51.332860672975755,0.739832042447591
-87.2351586979,34.1623349305,train,3.3273165386375975E-4,77.24486715229017,0.8856241117093024
-91.53788,42.2086916728,train,2.857080220686076E-5,6.245411488945779,0.16987856225836961
-88.6556466667,30.4511033333,train,4.961504801660796E-4,95.31302004382303,0.9605686141277758
-91.94981602,35.4569774,train,2.9426936883762656E-4,68.98276341623232,0.853044181676555
-88.470796,33.6370569722,train,3.671103362528655E-4,83.21904032596824,0.908580424826484
-90.69953,34.1909783333,train,2.44674177695514E-4,58.91505448617483,0.796976465479893
-86.4599283412,36.6780101274,train,2.833623001609801E-4,66.6535172280582,0.8422189161059386
-87.1220388333,33.0134277833,train,2.909143624243506E-4,68.2616322856456,0.8497958935956507
-91.6677694444,34.3421222222,train,3.466120035947664E-4,80.00286153722803,0.8955155567960048
-86.2483922392,43.2341625242,train,6.145491526247171E-5,20.09433098018881,0.32999794224891577
-90.4186795839,32.3909085151,train,3.341407560589693E-4,77.54508738096419,0.8866695605425476
-94.2247383333,46.3601216667,train,1.7020795868966467E-5,1.4738193692593913,0.10498696515351025
-87.0024111167,41.6728666667,train,8.33579346391188E-5,27.156424839065526,0.41911750156112393
-89.22342705,33.53088033,train,2.814053824344686E-4,66.22899388569813,0.8401939496887472
-91.3649483325,30.9935364891,train,6.233063867234863E-4,98.66730221067542,0.9827822073555048
-87.2226741537,41.4788566583,train,5.549510768286939E-5,17.42608654577211,0.3034648817034358
-90.4216793448,31.3169618703,train,4.4379543215882546E-4,91.77882432646618,0.9445358547135607
-93.3877513559,41.7415324599,train,2.7896862946133224E-5,6.039557997752912,0.16622484754718803
-88.0557240173,42.0223040142,train,4.78328342259408E-5,13.547171939089862,0.26780281258000205
-88.4945458056,34.4746523333,train,3.2825546330709436E-4,76.24227051364743,0.8822387059673282
-87.0075877291,38.5027989373,train,1.776394341704433E-4,46.602968800078195,0.6857597962544426
-88.1693116667,41.2686616728,train,5.735589759442741E-5,18.388388679210713,0.3118600256001677
-88.44384748,30.46223986,train,4.996266370485093E-4,95.52505073420137,0.9614517956804441
-90.0485305,43.1481778333,train,3.2677795398491726E-5,7.511654275222153,0.19180081606725108
-90.546734,43.20138,train,2.951173524119811E-5,6.57183107986783,0.17495299843895473
-90.2269877691,31.0585749165,train,4.359926875478407E-4,91.03173944688169,0.941642737476255
-86.4803783333,34.6215866667,train,2.933079324576474E-4,68.75870274491959,0.852120575627117
-91.8512805,47.90492,train,1.7316531910205323E-5,1.6282714882912932,0.1067101562388022
-86.9825416667,41.6804722222,train,8.079913255410926E-5,26.468670531722648,0.40935032368866464
-117.1241527778,32.5737055556,train,1.2383189874216682E-4,36.582232121067015,0.5537864818679026
-117.93298825,34.35415879,train,3.0102486286672914E-5,6.7784045343681,0.17812304581097405
-120.8911819384,39.3290044474,train,8.937677449315769E-6,0.015409221230097383,0.056579227809727684
-119.6419148829,34.4532121108,train,5.800787252054876E-5,18.673889800990022,0.31477747724947513
-117.62188,52.7485166667,train,5.546247125095398E-5,17.41252111851869,0.30331672881893734
-118.7102116667,37.4166016667,train,2.9361479319424987E-5,6.516679894354981,0.17414475690663478
-118.480755,37.1286666667,train,3.006566106099339E-5,6.7685391413959195,0.17792579328694869
-119.8187555556,34.5058472222,train,4.7748965351314495E-5,13.502635765561823,0.2674025308254673
-119.3340444444,34.6402388889,train,3.757982415394488E-5,9.032184436392285,0.21721021185036138
-118.5624327511,34.6460711709,train,5.855033401564686E-5,18.897998021341238,0.3171954499834937
-117.2675631997,34.2418675997,train,3.65689911820076E-5,8.72092912165688,0.21203683689267983
-117.0676241,34.2211428,train,2.3733064355106203E-5,4.539942961096805,0.14329177646946656
-117.2507091717,32.941219445,train,1.1144351749178126E-4,33.55112557202822,0.5162698655809349
-77.3255383333,38.2313883333,test,2.8866331449185393E-4,67.80008906624653,0.84757629709172
-100.31577439,29.81058978,test,1.3792350932657202E-4,39.547411193507166,0.5929366658223318
-100.232991,24.871953,test,1.313669566320117E-4,38.204321344947644,0.5751675147464064
-71.1507949829,42.6473236084,test,2.905282219877555E-4,68.15673749480213,0.8494174581115439
-70.0688433357,41.6752712402,test,3.1024731472496005E-4,72.28482162071685,0.8675757503460519
-83.3800013281,33.9817655204,test,4.109708721317489E-4,89.04956095863405,0.9313075072556212
-77.9067783333,40.667045,test,1.7071395629773863E-4,45.294348905701796,0.671253167313663
-73.8952166667,40.8899716667,test,2.7844926602605015E-4,65.71579545455174,0.8370856508691739
-87.985615794,40.075053696,test,8.166044138484843E-5,26.678352784863087,0.41265621736440095
-88.753849,30.401139,test,4.8111377181599585E-4,94.36609165861309,0.9565091891451467
-71.1452787091,42.6802044874,test,2.779999949341532E-4,65.59014673755998,0.8366079874878798
-86.6930696254,33.7019646875,test,2.9528913914922075E-4,69.2584593473565,0.8540175229934692
-81.7443979,40.8892529,test,1.1322815580754146E-4,33.96873745540845,0.5218629153653935
-71.9628725706,43.8890480489,test,1.1700023973080492E-4,34.859163255031,0.5334727290799488
-91.5021474954,41.6699755589,test,3.244410988404145E-5,7.44128750999079,0.19056913246985963
-85.4437237781,36.1308669485,test,3.508199373819558E-4,80.70599274380822,0.898341724492095
-73.305019,44.751793,test,4.670697118027804E-5,12.986628961069767,0.2624111092386814
-84.4863204956,35.1818199158,test,3.409776640213205E-4,78.7947336463209,0.8916079561764642
-71.7010345459,42.8620262146,test,2.3274743252630332E-4,56.71522104347971,0.7805678160485754
-88.397605896,37.6213569641,test,2.6638084122986103E-4,63.41742977804616,0.8237560380589052
-76.411999,38.400155,test,3.854799552191062E-4,86.30921260445004,0.9188943240465461
-103.329155,29.27998,test,9.670894725274878E-5,30.27404685539038,0.46751972564792776
-72.2864172161,42.1925407924,test,2.5541506132006946E-4,61.02680809512372,0.8107008971188827
-86.1380778333,30.324775,test,3.92142436065003E-4,87.00296686042087,0.922340296563607
-108.5058317129,32.8369777669,test,3.7843763464326843E-5,9.11228741968681,0.2185554340733944
-88.9192412959,37.3601083956,test,2.8241573220951947E-4,66.50736311242677,0.8412426569908059
-77.8137083333,44.2538888889,test,8.890633267736719E-5,28.4072898610566,0.4397449980179341
-77.3321770225,38.9235465043,test,2.603897473695139E-4,62.15499999396321,0.816739160423964
-77.3410570621,44.2787721539,test,1.0885851176702536E-4,32.91217468398023,0.5080522476654217
-119.0849558,37.60113248,test,3.26175524402597E-5,7.492946006693851,0.191483473606041
-81.1090823605,29.438110702,test,2.783124295553852E-4,65.67752607268669,0.836940314908514
-71.6805883333,43.1888516667,test,1.7561238395310906E-4,46.310019649773395,0.6815813383227247
-80.092199184,40.9337251989,test,1.2412919840035862E-4,36.6763846075164,0.5546501258376255
-91.417555,31.3614716667,test,6.170191123473952E-4,98.53364602730424,0.9820621197687689
-86.43274667,30.49853333,test,4.353387284026786E-4,90.96798827692575,0.9413935136940146
-90.000728555,38.7942479102,test,1.1328369710748807E-4,33.97912170927268,0.522035940070009
-109.9676083333,31.923185,test,4.654960725286417E-5,12.90126423896252,0.26165434519569697
-117.2472089356,33.0312895339,test,1.052282698037098E-4,32.07204667019223,0.49627564827227655
-73.405175,43.84567,test,7.755130224219639E-5,25.52962845249028,0.3967161891929949
-99.97671177,29.36152166,test,1.6886481314585898E-4,44.97925262969017,0.6672677884650655
-81.4067719504,30.3709296024,test,2.2439381942947035E-4,55.145670755996264,0.768291520240609
-73.231607,44.391581,test,6.472715234408424E-5,21.31491022959323,0.3441336311212828
-90.0745059722,30.4571649722,test,4.184958142804791E-4,89.75645139662721,0.9345947063163448
-100.1882743835,25.4289351374,test,9.407499240787443E-5,29.600153958326434,0.4583011759020217
-97.66223,26.1870666667,test,1.2220796392940818E-4,36.233727535136815,0.5490393692663732
-81.22062,32.2623133333,test,1.8910184305112772E-4,48.25819586845964,0.708376896882333
-91.69835,34.3132333333,test,3.421824437162669E-4,79.01972862356007,0.892455612043317
-89.6541073651,33.7555721424,test,2.8526185423122187E-4,67.02216089306168,0.8441599791355787
-106.5773383333,31.803,test,5.596501759467908E-5,17.65114414533896,0.30559454567878164
-72.8977416667,43.7162861111,test,1.233042465439573E-4,36.44976528857732,0.5522495465765538
-79.356262,37.556717,test,3.534158585860231E-4,81.10329228590086,0.9000469597208274
-75.9693970997,42.6357393997,test,1.4005409094055006E-4,39.963921166551266,0.59854930343584
-113.0510849878,37.1803358276,test,5.32560182443559E-5,16.343411201276275,0.29322712087323854
-92.018158,44.403326,test,2.1584548127725204E-5,3.794488820481072,0.13121270299621135
-86.9275366667,34.5383833333,test,3.163133176299305E-4,73.58498624839163,0.8727082973598557
-84.1060945,31.73693833,test,2.0377770556089184E-4,50.689923473329806,0.7349744802302706
-116.2751838046,32.729185007,test,6.829194611039625E-5,22.60665051385404,0.3591939235605788
-87.7296366667,41.97495,test,6.331425778657878E-5,20.837735249213015,0.3380670472411289
-89.42453165,43.03828873,test,3.486851887656752E-5,8.17083348777633,0.20325668161810118
-85.3735266534,34.9981008796,test,3.6595687739664635E-4,82.9846161246283,0.9078906731376731
-77.3257899284,44.494174393,test,9.735459111344436E-5,30.389958319871546,0.46975536367817183
-91.1749148369,37.1823304388,test,1.433011838686408E-4,40.50266417547168,0.6069547050162079
-81.5283916891,45.2439909569,test,1.300058289745187E-4,37.95048119766613,0.5713825459262996
-74.278819,40.957664,test,2.537006715772192E-4,60.68644480971245,0.8085742052819895
-95.5937805176,29.3768348694,test,3.4237931541043494E-4,79.05226014532833,0.8925934950406073
-83.939545,46.1431616667,test,5.018652896267859E-5,14.82340120225898,0.2789475563108408
-88.9628154469,42.2119321092,test,3.4610570901198544E-5,8.091118193670383,0.20191628336489675
-99.581445,29.821325,test,1.6137725355325227E-4,43.75136863441396,0.6506301475191529
-70.8989333333,44.0027361167,test,1.7756958843130632E-4,46.58990060183316,0.6856167360823899
-72.3865680769,43.4800960701,test,1.3777643872932795E-4,39.516610066854135,0.5925463517501492
-110.0189194444,30.2647833333,test,2.579501409563775E-5,5.237702268108632,0.15472621250916718
-76.8201611111,40.404925,test,2.0757420981111344E-4,51.560391732830475,0.7414508054113786
-78.9850616389,45.4497985833,test,1.0620958658446743E-4,32.28489962862154,0.4994865908268662
-72.5678558033,42.8596832299,test,1.8879337813316856E-4,48.208474503373225,0.7077901071430495
-83.2912472222,42.1392638889,test,1.016380477935777E-4,31.317142654676925,0.48435162684384503
-84.6938831685,41.6810429991,test,7.551515155043084E-5,24.748271708114267,0.38865805914784257
-82.43964452,35.61072164,test,5.102219710297611E-4,96.06286620333998,0.9640235551654622
-83.5910302196,36.6230237782,test,3.345379712500378E-4,77.60580527654395,0.8869625342868767
-88.9664083333,30.8538216667,test,3.7961182136169727E-4,85.23149034183976,0.9157327767947582
-74.1217880249,40.5891265869,test,2.917438664711457E-4,68.43432792342034,0.8506056330311895
-103.154668808,25.1133470531,test,1.328816927770554E-4,38.51378523318073,0.5793403503712985
-86.1849868298,39.9192582712,test,1.1879761564663405E-4,35.303587957970656,0.5389051485035696
-80.1726836944,40.9581794722,test,1.1543148480955475E-4,34.55269253606108,0.5286790148893878
-107.5538635254,38.110584259,test,5.8366904667300006E-5,18.821329969191055,0.31637878665158015
-73.1375497208,44.0134097636,test,7.179490190724276E-5,23.74203015778196,0.37365604752450376
-71.0717883614,42.9477598658,test,2.1321227134276158E-4,52.88449335797353,0.7507777095404666
-93.29627808,44.92739073,test,2.1707996990031325E-5,3.840371284408728,0.13191132798843197
-78.3942515776,38.546208229,test,2.774910756416867E-4,65.46492361219437,0.8360652143801975
-79.4204858646,35.9586209727,test,3.669989000785872E-4,83.19920779867067,0.908514013626306
-71.9407148316,45.3231061695,test,7.013478982973363E-5,23.218319458882625,0.3668433391354954
-72.0317654684,44.3084668925,test,6.911362289644933E-5,22.89730394529584,0.3626159525191516
-83.7261619764,36.7308720643,test,3.478035042758443E-4,80.2362896861812,0.8963236830593156
-71.27645935,41.75325769,test,3.3164278391761186E-4,77.03970439385567,0.8848096504173967
-70.2501538116,43.614021549,test,2.1851133798510622E-4,53.916225347670164,0.759236877013083
-92.7548657932,45.2185673954,test,1.9430992319270756E-5,2.7175665968350624,0.11893438745833607
-73.8935331865,41.6899747092,test,1.5868197478108726E-4,43.2783614132676,0.6444396308231122
-111.1944209601,31.4272969871,test,4.2493122629724695E-5,10.94336630300036,0.2418764268574881
-84.3703792245,42.8073181864,test,6.007580848942961E-5,19.59563779744662,0.32394947634915816
-100.0400616987,25.2349362156,test,7.921202510303548E-5,26.006392035339843,0.4032098437697348
-89.3225911,41.21151701,test,4.5959356009957786E-5,12.617912736621353,0.25880889901006265
-77.7653516829,39.4280704683,test,1.919303514560704E-4,48.59556287974742,0.71370289856167
-98.1331980228,26.0770662381,test,1.3672431544191482E-4,39.31084857232233,0.5897431604094661
-87.8280863214,30.2461877848,test,5.315204979657226E-4,96.76685342875292,0.9686858104053384
-84.0578796762,39.4888499628,test,1.6651621491869419E-4,44.50251613882129,0.6621362280969624
-75.7894027778,38.9940361111,test,2.9825446580138273E-4,69.80817489179178,0.8568113671180548
-78.245454416,37.7942500131,test,3.1396148615991796E-4,73.08586489996962,0.8707424185253086
-97.87442,30.1854533333,test,2.08240638823231E-4,51.710818638375876,0.7425712042044529
-88.7590907789,30.8804098058,test,3.8405913260923134E-4,86.1356462553405,0.9181398897275094
-111.0834066667,31.3953733333,test,3.685554836303069E-5,8.8105324953402,0.2135068798281179
-70.7833646425,41.7695100792,test,3.2052861726225654E-4,74.55715581866812,0.8761573162153877
-123.0043651209,47.000863255,test,2.2783758020143083E-5,4.233002389842029,0.1379755733720086
-81.8108861111,26.7123305556,test,1.212968353833199E-4,35.99593133772186,0.5463538612445664
-75.6703518145,39.8758340115,test,2.2556369629279975E-4,55.38965524163842,0.7700512498149198
-123.4443807229,48.4952318769,test,6.075498062218384E-5,19.84656279485626,0.3269349726700307
-84.7529011,39.2760545,test,1.7436860877759162E-4,46.03723747992515,0.6789900255740435
-117.042727,32.833255,test,1.130636582373864E-4,33.93798224207746,0.5213500977339219
-97.3639256415,32.7345043933,test,1.6525858612288956E-4,44.38302204872103,0.6593559184681101
-89.7186736241,35.0949504361,test,2.8902181718397645E-4,67.85892373193751,0.8479319742425793
-74.8608322144,40.1097373962,test,2.3516691774183904E-4,57.26600766150739,0.7840004092386459
-93.283296,37.214682,test,9.79393589383852E-5,30.4949408018506,0.4717721076950352
-83.6708244,42.2639161,test,9.674780143143558E-5,30.281022287245253,0.4676545301871283
-85.87011496,34.55782137,test,3.428848712917157E-4,79.13214124671461,0.8929467618196779
-78.1519222222,45.204875,test,8.24241486742956E-5,26.87020730801087,0.4155720145512264
-89.388092041,31.2069854736,test,4.988913656280429E-4,95.48020232483154,0.9612666511274621
-92.0591407997,36.0361288,test,1.9386241536848415E-4,48.87321673184603,0.7172848985081417
-110.1539981866,30.414192979,test,2.971614431606653E-5,6.646859089915915,0.1760512653116949
-96.934905,32.440874,test,1.6410408031829538E-4,44.2733517741336,0.6567834508435775
-123.7332222222,39.8768972222,test,6.562297244462763E-6,0.002943418271422125,0.041862121419360965
-81.3087358274,42.9299827607,test,1.5568133248176853E-4,42.808830053171434,0.6374186336293048
-110.444265895,32.1633817755,test,4.684195351824937E-5,13.060121114711135,0.26305962204787936
-71.6907322608,41.7219334475,test,3.492115663205724E-4,80.4563726300025,0.8972706365144972
-85.6555278605,33.5548472782,test,2.905215072059032E-4,68.15491302850066,0.8494108688875329
-72.7479839083,42.2235826047,test,2.6678598977521265E-4,63.507650794080305,0.8242207390399671
-78.6633031,39.6971336,test,1.8109771824419528E-4,47.192669374620046,0.6927623457577349
-97.86588333,30.36645,test,2.0926175393549037E-4,52.01238318990602,0.7442784888603995
-89.734305,32.1086833333,test,4.257676134068765E-4,90.25293972843151,0.9376217847103071
-75.6023704181,40.0390045133,test,2.4432857442212167E-4,58.838615223773594,0.7965187120482893
-86.1269090419,30.3691464057,test,3.9793734517880303E-4,87.64311676370421,0.9252182668071235
-97.6484578103,30.2160984582,test,2.253516563066874E-4,55.34602155528272,0.7697332937295253
-72.38051094,43.54202668,test,1.2254093569647815E-4,36.30253684232611,0.5500168162064876
-77.9208521,38.0175931,test,2.971937523963564E-4,69.59535902446896,0.8558181900843926
-70.5829735727,43.6451930281,test,2.0295545886920178E-4,50.58489722623058,0.7335506044263804
-87.8648916667,41.7173883333,test,6.208766322782447E-5,20.33966711294773,0.3327548997314347
-81.3865412191,45.0849031346,test,1.2755569690139587E-4,37.45404932587222,0.5644841317607429
-100.52835083,25.8528289794,test,1.1331369206965932E-4,33.98472970372246,0.5221293556586672
-88.6634332179,34.1548786224,test,2.996879468310792E-4,70.1023767960575,0.8581427159429693
-84.1927333333,39.2378722222,test,1.7931655573104533E-4,46.88450568422026,0.68917544713865
-81.6297,35.6021116667,test,5.303030531256827E-4,96.71803941873527,0.9684363896466269
-88.9836959653,37.3130434449,test,2.968039411802754E-4,69.51963332562102,0.855451469943689
-97.081549,30.709761,test,2.0535116013047653E-4,51.00586917559093,0.7376780371854332
-82.4355629975,35.2895765543,test,6.910061390782519E-4,99.01684640476104,0.9889240735007956
-88.6268916667,33.5112583333,test,3.4508900377037613E-4,79.71881581516014,0.8944734154374887
-81.3105061278,40.9783388735,test,1.2358419821736815E-4,36.50378729389683,0.5530656425867622
-71.617702134,41.8899457805,test,3.3672011879905896E-4,77.98213871771941,0.8885585625184519
-81.2600916667,44.7469083333,test,1.402704647092539E-4,40.00361630736294,0.5991149549052228
-95.2682383954,29.0612814986,test,3.554546671692741E-4,81.2448151740061,0.9013661543469349
-78.4655555556,38.4486111111,test,2.9489357639545834E-4,69.14856128771225,0.8536407374590824
-88.2019050915,42.0501320162,test,4.3093750320795664E-5,11.258106481933517,0.2448379419330995
-68.498,44.5062216667,test,1.560821869967299E-4,42.89200703475376,0.6383645296375213
-73.0980114,44.5352117,test,5.2570381138030994E-5,15.975576000983006,0.2900621989424921
-84.355325,30.4943533333,test,3.2035397932501914E-4,74.51194719499458,0.8760162982865285
-68.74803,46.058215,test,6.625893007057632E-5,21.848317864358645,0.3506478689148913
-110.9224764421,32.4259785863,test,7.037412212128379E-5,23.29425649476738,0.3678300549616309
-76.49314819,36.8097054,test,3.1562077577228947E-4,73.43995095115525,0.8721325330860612
-90.9210133333,46.351425,test,2.0813886173328703E-5,3.413134424700594,0.12683862418433356
-80.1811532676,27.1630289152,test,2.841210640659081E-4,66.77093030729954,0.8429971436329207
-118.3912366667,38.1299945,test,5.2132639089718105E-5,15.771515148410408,0.2880341595771241
-80.841325,32.0084638833,test,1.9684665235203684E-4,49.338089961236264,0.7227297312788448
-102.6346116667,30.1588111667,test,7.6413256707481E-5,25.054781107516828,0.3922255212977741
-83.4797295091,45.2329602046,test,5.9162834019974014E-5,19.210858298010166,0.31991535858076847
-110.924835,37.206234,test,5.9187708594895435E-5,19.22511239695945,0.32002558905485223
-77.8105928376,38.3056212063,test,2.935201800704961E-4,68.80816659256432,0.8523249697940078
-87.0018310547,40.8815231323,test,6.023823887296156E-5,19.658605987186927,0.3246646884184661
-84.0198709997,36.0004196,test,2.6705008393585177E-4,63.543550245100626,0.8245229923168436
-108.2107410762,28.1663654002,test,1.8739310586836314E-5,2.3903630703329486,0.11495412299200614
-93.2066283333,30.2221033333,test,5.503258803907356E-4,97.41615276252749,0.9722974358176147
-115.2622751465,50.8160847264,test,5.887338958852268E-5,19.04499538058304,0.3186313851177931
-79.271325,41.822545,test,1.2834839990416295E-4,37.631191353824896,0.5667280730601647
-90.1789466667,43.1544695,test,3.217097691456974E-5,7.359937010375245,0.18912715431248728
-71.7610033333,42.4103966667,test,2.7884678387901673E-4,65.78704033247288,0.8375071258767519
-111.5985320221,35.1257344664,test,3.340868317313503E-5,7.750065704172494,0.19564101311773807
-81.4672923088,36.1700936815,test,4.644953577958505E-4,93.53088647595456,0.9515348722770459
-100.2181984484,25.7503541722,test,9.057191576982673E-5,28.76115532458428,0.445793050193219
-75.493568479,35.7158423395,test,4.0849356919027814E-4,88.7555689368906,0.9301895714577282
-115.8223282717,32.0896646457,test,1.025401016516458E-4,31.537410171955276,0.48737386392992443
-100.3617864847,25.8695341545,test,1.0342898300321497E-4,31.674408024526343,0.49033464006596106
-75.4847265,41.0621796,test,2.2550417557814706E-4,55.377407041464295,0.7699620422557396
-100.5583638889,25.5556388889,test,1.1464943091683145E-4,34.38840269207738,0.5262708910629004
-107.5477838516,25.8185516374,test,2.0681832551995658E-5,3.348407252987724,0.1260869148437226
-75.6089934753,40.7841068395,test,1.6316252057679522E-4,44.148067341243035,0.6546710935542185
-81.820169865,26.5101961014,test,1.186715292436183E-4,35.27159183391911,0.5385261345508323
-88.0132466,41.2080294,test,5.3326371962554464E-5,16.379341923321487,0.29355107656827417
-89.435045,31.5063466667,test,4.472501755284134E-4,92.16494015319442,0.9457705701667187
-71.9999708333,43.1175295833,test,2.2160008089529154E-4,54.551200787629064,0.7640345049625019
-118.0512471667,37.9945633333,test,5.337327560089149E-5,16.403296330212115,0.2937669698705305
-70.6713716667,41.3891866667,test,3.1381890231387357E-4,73.05443762219544,0.8706222622745332
-82.23240361,41.27754441,test,1.0775960452756663E-4,32.69888751046787,0.5045167203811127
-70.9228112652,42.7725360643,test,2.57852760591557E-4,61.548170845089246,0.8136842320678705
-81.42715,41.54985,test,1.4052322827108306E-4,40.05084704934107,0.5997747285083976
-78.2457883333,44.70243,test,9.8337002870583E-5,30.580176052395956,0.4731391166595956
-73.5925833333,41.2629616667,test,2.729726649041862E-4,64.57299425385361,0.8311664726925488
-73.3670407924,42.2010131548,test,1.780562231883756E-4,46.680950386070336,0.6866121239655002
